88,57.0,75.0,56.0,56.0,71.0,48.0,76.0,72.0,80.0
64,65.0,62.0,102.0,48.0,64.0,67.0,81.0,71.0,84.0
27,55.0,91.0,54.0,45.0,66.0,36.0,75.0,58.0,46.0
83,102.0,28.0,64.0,51.0,35.0,87.0,80.0,77.0,82.0
66,51.0,79.0,69.0,63.0,82.0,89.0,69.0,127.0,77.0
68,111.0,83.0,68.0,76.0,59.0,76.0,39.0,79.0,48.0
83,52.0,83.0,42.0,70.0,46.0,82.0,67.0,58.0,68.0
55,81.0,78.0,88.0,74.0,79.0,59.0,73.0,71.0,80.0
68,41.0,66.0,60.0,46.0,74.0,78.0,81.0,77.0,91.0
23,77.0,68.0,47.0,57.0,50.0,102.0,74.0,81.0,83.0
61,73.0,65.0,97.0,57.0,82.0,65.0,79.0,78.0,5.0
17,73.0,23.0,87.0,89.0,93.0,65.0,60.0,60.0,84.0
34,29.0,98.0,42.0,71.0,58.0,67.0,94.0,95.0,80.0
68,80.0,29.0,78.0,55.0,74.0,75.0,76.0,55.0,82.0
108,23.0,62.0,72.0,84.0,83.0,71.0,78.0,82.0,59.0
18,92.0,72.0,53.0,66.0,88.0,84.0,84.0,72.0,82.0
89,77.0,67.0,71.0,60.0,68.0,74.0,75.0,75.0,87.0
18,26.0,87.0,47.0,64.0,76.0,66.0,76.0,94.0,91.0
54,78.0,103.0,63.0,58.0,77.0,75.0,79.0,82.0,82.0
70,92.0,40.0,60.0,99.0,80.0,55.0,66.0,84.0,76.0
98,97.0,84.0,33.0,74.0,51.0,72.0,86.0,75.0,80.0
63,82.0,112.0,73.0,90.0,71.0,85.0,78.0,82.0,35.0
85,61.0,82.0,80.0,48.0,79.0,87.0,71.0,77.0,107.0
67,91.0,35.0,67.0,76.0,88.0,78.0,68.0,80.0,51.0
56,97.0,57.0,68.0,36.0,55.0,74.0,83.0,80.0,81.0
57,79.0,69.0,39.0,84.0,75.0,83.0,69.0,77.0,0.0
40,34.0,65.0,67.0,92.0,81.0,85.0,40.0,83.0,83.0
116,78.0,60.0,41.0,61.0,85.0,71.0,71.0,99.0,64.0
35,56.0,94.0,46.0,48.0,91.0,66.0,77.0,107.0,84.0
119,39.0,48.0,89.0,98.0,76.0,70.0,103.0,79.0,83.0
18,72.0,58.0,65.0,58.0,80.0,71.0,65.0,71.0,79.0
81,27.0,55.0,86.0,43.0,30.0,75.0,77.0,81.0,99.0
16,105.0,65.0,82.0,66.0,63.0,73.0,63.0,6.0,82.0
13,72.0,74.0,83.0,60.0,127.0,88.0,72.0,83.0,81.0
58,66.0,54.0,58.0,48.0,77.0,75.0,42.0,81.0,81.0
76,53.0,33.0,70.0,61.0,71.0,79.0,108.0,68.0,81.0
100,33.0,77.0,79.0,56.0,54.0,74.0,71.0,77.0,77.0
92,22.0,111.0,86.0,81.0,113.0,83.0,73.0,79.0,97.0
58,46.0,50.0,72.0,97.0,69.0,74.0,69.0,80.0,84.0
15,72.0,55.0,101.0,74.0,93.0,61.0,72.0,71.0,57.0
72,20.0,66.0,64.0,87.0,72.0,100.0,105.0,73.0,80.0
84,62.0,103.0,67.0,87.0,53.0,82.0,34.0,81.0,84.0
116,78.0,94.0,68.0,73.0,78.0,79.0,83.0,55.0,77.0
80,73.0,43.0,41.0,49.0,53.0,81.0,80.0,81.0,82.0
38,78.0,53.0,101.0,51.0,92.0,66.0,80.0,79.0,89.0
53,69.0,51.0,55.0,70.0,46.0,78.0,75.0,81.0,77.0
52,95.0,71.0,63.0,89.0,90.0,37.0,77.0,77.0,83.0
116,85.0,56.0,34.0,57.0,87.0,26.0,82.0,77.0,49.0
61,54.0,80.0,97.0,38.0,64.0,74.0,78.0,79.0,78.0
78,53.0,58.0,100.0,74.0,73.0,75.0,68.0,102.0,83.0
76,42.0,31.0,91.0,119.0,69.0,46.0,83.0,79.0,79.0
72,69.0,102.0,51.0,105.0,82.0,82.0,38.0,80.0,104.0
106,49.0,91.0,87.0,127.0,80.0,57.0,71.0,69.0,79.0
14,83.0,93.0,63.0,60.0,65.0,77.0,46.0,71.0,78.0
34,46.0,68.0,86.0,60.0,65.0,58.0,74.0,95.0,102.0
54,101.0,42.0,85.0,67.0,63.0,64.0,84.0,80.0,96.0
78,79.0,72.0,63.0,56.0,87.0,80.0,79.0,63.0,78.0
64,111.0,77.0,54.0,52.0,50.0,84.0,68.0,81.0,77.0
83,84.0,87.0,88.0,44.0,51.0,71.0,76.0,82.0,101.0
26,103.0,33.0,66.0,49.0,52.0,72.0,67.0,69.0,96.0
38,27.0,99.0,86.0,98.0,104.0,65.0,68.0,80.0,80.0
68,37.0,60.0,69.0,91.0,88.0,66.0,71.0,69.0,70.0
88,102.0,99.0,50.0,61.0,84.0,75.0,83.0,71.0,83.0
24,61.0,77.0,90.0,52.0,82.0,100.0,65.0,74.0,77.0
76,85.0,39.0,47.0,57.0,71.0,66.0,85.0,80.0,110.0
43,90.0,28.0,70.0,79.0,47.0,81.0,66.0,77.0,81.0
56,116.0,90.0,86.0,55.0,69.0,62.0,79.0,82.0,80.0
87,76.0,54.0,78.0,81.0,65.0,24.0,85.0,76.0,84.0
71,84.0,103.0,73.0,44.0,92.0,69.0,49.0,73.0,56.0
71,77.0,103.0,75.0,55.0,66.0,86.0,77.0,79.0,80.0
71,32.0,44.0,64.0,72.0,86.0,71.0,61.0,106.0,82.0
40,106.0,69.0,83.0,81.0,73.0,65.0,40.0,53.0,84.0
86,58.0,69.0,42.0,41.0,47.0,79.0,79.0,78.0,84.0
108,76.0,81.0,82.0,43.0,77.0,80.0,84.0,35.0,79.0
75,63.0,94.0,40.0,99.0,85.0,66.0,81.0,74.0,85.0
31,69.0,23.0,76.0,97.0,82.0,65.0,66.0,75.0,81.0
86,103.0,106.0,96.0,81.0,64.0,79.0,98.0,81.0,85.0
69,51.0,27.0,31.0,75.0,80.0,69.0,56.0,72.0,81.0
51,76.0,37.0,86.0,74.0,108.0,60.0,89.0,75.0,79.0
91,36.0,31.0,59.0,54.0,46.0,78.0,79.0,99.0,4.0
58,102.0,55.0,85.0,88.0,91.0,60.0,73.0,107.0,83.0
52,49.0,96.0,62.0,61.0,54.0,59.0,99.0,74.0,78.0
41,70.0,70.0,50.0,64.0,84.0,78.0,28.0,75.0,80.0
87,110.0,111.0,69.0,74.0,89.0,99.0,70.0,73.0,78.0
121,38.0,30.0,91.0,69.0,85.0,60.0,77.0,102.0,80.0
33,44.0,30.0,59.0,55.0,92.0,71.0,69.0,100.0,81.0
37,52.0,95.0,63.0,80.0,64.0,80.0,83.0,36.0,80.0
99,55.0,108.0,33.0,53.0,66.0,55.0,76.0,83.0,102.0
74,100.0,62.0,76.0,69.0,90.0,73.0,79.0,78.0,83.0
91,46.0,84.0,69.0,64.0,87.0,68.0,69.0,72.0,86.0
61,102.0,75.0,41.0,42.0,79.0,90.0,72.0,48.0,78.0
61,89.0,45.0,101.0,73.0,67.0,76.0,81.0,76.0,74.0
36,28.0,110.0,86.0,80.0,73.0,108.0,78.0,41.0,79.0
69,88.0,65.0,50.0,59.0,75.0,87.0,63.0,77.0,44.0
34,49.0,40.0,80.0,74.0,69.0,87.0,84.0,95.0,80.0
75,112.0,45.0,69.0,86.0,85.0,61.0,80.0,79.0,27.0
18,75.0,29.0,82.0,92.0,75.0,41.0,85.0,40.0,75.0
64,63.0,80.0,65.0,80.0,74.0,85.0,56.0,80.0,76.0
110,96.0,61.0,31.0,69.0,68.0,57.0,83.0,33.0,83.0
115,89.0,64.0,84.0,71.0,87.0,60.0,77.0,77.0,79.0
45,43.0,41.0,62.0,67.0,47.0,76.0,6.0,80.0,82.0
100,64.0,94.0,95.0,70.0,55.0,89.0,86.0,106.0,77.0
50,36.0,72.0,39.0,41.0,46.0,70.0,77.0,5.0,3.0
83,53.0,85.0,80.0,74.0,91.0,71.0,71.0,79.0,80.0
55,73.0,87.0,69.0,83.0,72.0,84.0,77.0,39.0,77.0
92,83.0,97.0,85.0,92.0,86.0,81.0,56.0,78.0,4.0
105,79.0,37.0,80.0,65.0,52.0,83.0,75.0,75.0,85.0
120,56.0,64.0,60.0,88.0,77.0,88.0,84.0,73.0,83.0
92,53.0,72.0,71.0,48.0,84.0,74.0,67.0,45.0,82.0
75,115.0,47.0,49.0,56.0,68.0,64.0,93.0,80.0,83.0
15,79.0,88.0,72.0,84.0,77.0,50.0,69.0,79.0,78.0
76,32.0,86.0,47.0,41.0,90.0,73.0,39.0,75.0,63.0
106,58.0,63.0,88.0,53.0,76.0,57.0,70.0,84.0,80.0
58,41.0,50.0,69.0,89.0,48.0,72.0,72.0,77.0,80.0
83,100.0,53.0,88.0,56.0,55.0,86.0,81.0,76.0,82.0
37,107.0,81.0,54.0,69.0,88.0,86.0,70.0,37.0,80.0
81,40.0,41.0,96.0,90.0,90.0,40.0,76.0,55.0,88.0
77,81.0,76.0,57.0,50.0,66.0,75.0,78.0,81.0,95.0
75,115.0,91.0,80.0,71.0,52.0,56.0,76.0,80.0,95.0
86,106.0,90.0,90.0,41.0,72.0,83.0,79.0,79.0,81.0
32,85.0,49.0,68.0,42.0,50.0,75.0,68.0,72.0,62.0
79,54.0,83.0,75.0,88.0,74.0,30.0,73.0,71.0,82.0
16,40.0,95.0,34.0,42.0,72.0,56.0,97.0,82.0,66.0
103,79.0,49.0,81.0,72.0,75.0,65.0,68.0,77.0,83.0
109,60.0,85.0,73.0,77.0,52.0,66.0,78.0,79.0,3.0
111,66.0,61.0,39.0,72.0,75.0,74.0,81.0,79.0,74.0
84,30.0,23.0,103.0,92.0,69.0,83.0,85.0,75.0,97.0
86,68.0,21.0,63.0,56.0,88.0,59.0,78.0,82.0,109.0
61,101.0,76.0,40.0,81.0,66.0,73.0,98.0,77.0,95.0
39,38.0,62.0,100.0,70.0,50.0,77.0,76.0,74.0,86.0
66,74.0,83.0,63.0,64.0,45.0,82.0,74.0,91.0,103.0
69,38.0,99.0,40.0,100.0,81.0,61.0,82.0,40.0,125.0
48,101.0,67.0,79.0,69.0,50.0,91.0,72.0,80.0,40.0
22,47.0,39.0,46.0,54.0,48.0,66.0,72.0,75.0,49.0
53,36.0,65.0,61.0,66.0,101.0,55.0,67.0,75.0,80.0
31,47.0,90.0,66.0,67.0,102.0,63.0,76.0,72.0,81.0
28,42.0,92.0,88.0,73.0,51.0,80.0,82.0,79.0,68.0
42,114.0,41.0,38.0,80.0,54.0,78.0,66.0,78.0,63.0
31,49.0,96.0,32.0,69.0,60.0,64.0,48.0,74.0,82.0
30,105.0,94.0,82.0,60.0,77.0,78.0,66.0,83.0,76.0
66,85.0,77.0,68.0,74.0,30.0,98.0,80.0,101.0,82.0
105,88.0,67.0,66.0,71.0,59.0,77.0,84.0,75.0,83.0
116,65.0,84.0,72.0,64.0,67.0,75.0,85.0,34.0,58.0
108,29.0,86.0,92.0,66.0,69.0,78.0,68.0,74.0,47.0
107,86.0,97.0,60.0,77.0,45.0,54.0,79.0,74.0,92.0
105,62.0,35.0,63.0,54.0,49.0,68.0,100.0,78.0,78.0
66,91.0,73.0,63.0,57.0,60.0,71.0,70.0,61.0,83.0
47,96.0,106.0,31.0,42.0,77.0,71.0,77.0,56.0,79.0
96,36.0,68.0,41.0,68.0,80.0,57.0,87.0,78.0,100.0
105,50.0,83.0,67.0,59.0,75.0,76.0,65.0,76.0,48.0
69,26.0,54.0,93.0,93.0,72.0,84.0,47.0,83.0,82.0
73,53.0,56.0,43.0,44.0,90.0,85.0,74.0,80.0,47.0
57,24.0,90.0,89.0,75.0,80.0,16.0,70.0,80.0,84.0
105,28.0,101.0,92.0,49.0,59.0,59.0,76.0,78.0,82.0
43,63.0,97.0,80.0,69.0,69.0,87.0,74.0,77.0,80.0
24,80.0,80.0,75.0,64.0,75.0,87.0,86.0,81.0,45.0
94,26.0,65.0,78.0,101.0,80.0,73.0,72.0,98.0,85.0
49,91.0,54.0,103.0,58.0,78.0,77.0,92.0,79.0,76.0
104,62.0,86.0,79.0,62.0,71.0,75.0,72.0,74.0,81.0
48,96.0,64.0,78.0,80.0,70.0,85.0,80.0,79.0,84.0
38,57.0,34.0,52.0,48.0,52.0,51.0,107.0,79.0,80.0
58,73.0,106.0,51.0,55.0,75.0,62.0,73.0,75.0,77.0
37,89.0,52.0,54.0,89.0,36.0,76.0,78.0,66.0,56.0
27,75.0,25.0,32.0,46.0,80.0,82.0,85.0,90.0,77.0
33,26.0,45.0,40.0,86.0,74.0,75.0,79.0,36.0,93.0
107,86.0,99.0,81.0,82.0,75.0,66.0,75.0,53.0,31.0
74,38.0,68.0,86.0,77.0,86.0,40.0,72.0,75.0,81.0
90,72.0,78.0,99.0,87.0,58.0,88.0,8.0,80.0,75.0
24,115.0,19.0,62.0,80.0,90.0,69.0,84.0,68.0,83.0
100,49.0,46.0,29.0,70.0,47.0,87.0,62.0,72.0,78.0
48,103.0,24.0,49.0,86.0,61.0,86.0,68.0,78.0,11.0
69,85.0,68.0,45.0,79.0,53.0,71.0,74.0,98.0,48.0
69,108.0,65.0,58.0,96.0,67.0,56.0,83.0,78.0,81.0
84,78.0,35.0,53.0,70.0,81.0,83.0,47.0,73.0,80.0
59,26.0,37.0,71.0,87.0,52.0,80.0,81.0,84.0,82.0
115,89.0,120.0,53.0,44.0,59.0,61.0,74.0,73.0,80.0
79,82.0,102.0,60.0,91.0,64.0,70.0,62.0,68.0,96.0
116,82.0,71.0,57.0,61.0,92.0,58.0,83.0,75.0,82.0
35,56.0,70.0,77.0,58.0,75.0,70.0,50.0,82.0,82.0
58,106.0,81.0,60.0,95.0,68.0,44.0,78.0,54.0,75.0
60,49.0,72.0,79.0,83.0,52.0,59.0,85.0,76.0,4.0
101,82.0,94.0,81.0,47.0,83.0,105.0,76.0,73.0,76.0
38,57.0,71.0,80.0,61.0,46.0,78.0,72.0,81.0,99.0
59,110.0,74.0,45.0,96.0,67.0,78.0,74.0,98.0,83.0
109,69.0,90.0,86.0,80.0,58.0,70.0,82.0,22.0,36.0
22,75.0,53.0,96.0,80.0,88.0,65.0,83.0,41.0,81.0
41,38.0,121.0,53.0,61.0,79.0,67.0,79.0,72.0,82.0
23,57.0,93.0,53.0,65.0,68.0,69.0,41.0,81.0,84.0
106,86.0,15.0,36.0,75.0,75.0,47.0,79.0,40.0,82.0
106,43.0,60.0,50.0,84.0,66.0,62.0,81.0,71.0,36.0
75,98.0,63.0,55.0,64.0,81.0,88.0,31.0,73.0,47.0
77,82.0,55.0,42.0,60.0,91.0,79.0,67.0,77.0,84.0
97,105.0,23.0,90.0,49.0,83.0,87.0,82.0,72.0,106.0
40,102.0,66.0,85.0,67.0,105.0,83.0,80.0,80.0,81.0
118,18.0,82.0,69.0,76.0,69.0,88.0,17.0,42.0,15.0
34,103.0,51.0,89.0,67.0,60.0,64.0,100.0,55.0,79.0
44,61.0,84.0,83.0,90.0,75.0,84.0,77.0,99.0,83.0
91,47.0,87.0,29.0,72.0,69.0,65.0,91.0,101.0,81.0
67,31.0,38.0,98.0,41.0,74.0,95.0,84.0,51.0,80.0
104,77.0,102.0,82.0,91.0,54.0,94.0,65.0,62.0,72.0
66,105.0,57.0,75.0,62.0,86.0,83.0,77.0,80.0,80.0
63,37.0,107.0,54.0,62.0,91.0,59.0,43.0,33.0,83.0
14,46.0,73.0,34.0,37.0,90.0,72.0,56.0,77.0,81.0
110,97.0,79.0,43.0,98.0,85.0,75.0,78.0,71.0,82.0
65,67.0,93.0,35.0,40.0,48.0,77.0,60.0,33.0,103.0
86,108.0,33.0,100.0,55.0,56.0,79.0,71.0,76.0,76.0
56,51.0,67.0,36.0,84.0,61.0,75.0,82.0,63.0,82.0
72,60.0,62.0,54.0,44.0,75.0,43.0,82.0,80.0,79.0
80,26.0,72.0,67.0,72.0,75.0,83.0,80.0,75.0,79.0
69,46.0,23.0,66.0,66.0,57.0,77.0,73.0,75.0,80.0
111,50.0,66.0,89.0,52.0,79.0,61.0,73.0,79.0,79.0
19,70.0,43.0,46.0,105.0,73.0,75.0,39.0,85.0,83.0
121,102.0,26.0,53.0,47.0,65.0,81.0,69.0,76.0,102.0
72,80.0,65.0,70.0,65.0,71.0,76.0,74.0,61.0,84.0
65,56.0,94.0,71.0,54.0,81.0,60.0,75.0,105.0,50.0
56,68.0,64.0,85.0,76.0,76.0,88.0,79.0,54.0,79.0
122,87.0,82.0,37.0,57.0,77.0,90.0,84.0,50.0,50.0
104,64.0,27.0,71.0,71.0,82.0,74.0,88.0,80.0,79.0
114,115.0,47.0,69.0,62.0,60.0,102.0,127.0,73.0,49.0
30,96.0,82.0,65.0,48.0,75.0,80.0,77.0,70.0,85.0
91,63.0,77.0,97.0,97.0,71.0,79.0,68.0,62.0,86.0
107,56.0,58.0,77.0,63.0,106.0,74.0,46.0,80.0,5.0
62,70.0,79.0,49.0,80.0,85.0,61.0,78.0,71.0,78.0
36,77.0,32.0,104.0,65.0,40.0,60.0,81.0,77.0,45.0
45,85.0,60.0,84.0,76.0,59.0,58.0,71.0,81.0,79.0
112,106.0,36.0,30.0,76.0,80.0,79.0,74.0,61.0,61.0
42,85.0,105.0,44.0,86.0,84.0,105.0,77.0,79.0,84.0
26,54.0,94.0,89.0,96.0,73.0,74.0,82.0,78.0,92.0
93,104.0,77.0,42.0,41.0,66.0,57.0,80.0,77.0,97.0
59,48.0,68.0,77.0,92.0,33.0,75.0,77.0,63.0,79.0
94,37.0,90.0,87.0,61.0,92.0,59.0,81.0,42.0,52.0
96,62.0,88.0,88.0,95.0,81.0,56.0,77.0,73.0,78.0
112,80.0,31.0,41.0,71.0,72.0,86.0,81.0,96.0,108.0
48,105.0,82.0,87.0,69.0,80.0,69.0,91.0,80.0,74.0
106,85.0,106.0,83.0,72.0,84.0,67.0,83.0,53.0,81.0
109,85.0,36.0,53.0,63.0,52.0,83.0,84.0,67.0,75.0
59,62.0,74.0,101.0,72.0,77.0,61.0,74.0,56.0,82.0
96,29.0,29.0,33.0,86.0,96.0,64.0,71.0,69.0,76.0
59,91.0,45.0,48.0,95.0,70.0,71.0,72.0,96.0,80.0
100,66.0,90.0,71.0,54.0,89.0,108.0,80.0,79.0,3.0
37,62.0,82.0,89.0,73.0,57.0,78.0,82.0,81.0,85.0
82,96.0,62.0,90.0,48.0,93.0,71.0,68.0,78.0,80.0
24,97.0,83.0,53.0,71.0,86.0,70.0,65.0,80.0,83.0
36,66.0,53.0,72.0,68.0,51.0,105.0,73.0,79.0,73.0
34,84.0,63.0,103.0,98.0,56.0,74.0,85.0,76.0,56.0
31,36.0,55.0,58.0,85.0,61.0,83.0,44.0,78.0,80.0
81,65.0,85.0,93.0,91.0,85.0,71.0,65.0,82.0,84.0
45,105.0,58.0,94.0,92.0,53.0,84.0,82.0,78.0,83.0
33,77.0,102.0,100.0,95.0,64.0,103.0,70.0,69.0,77.0
71,40.0,28.0,94.0,89.0,58.0,66.0,62.0,81.0,103.0
72,27.0,68.0,78.0,78.0,78.0,65.0,67.0,87.0,62.0
79,91.0,101.0,65.0,48.0,64.0,78.0,83.0,106.0,83.0
43,72.0,75.0,96.0,71.0,51.0,76.0,37.0,73.0,79.0
87,75.0,30.0,85.0,44.0,73.0,72.0,72.0,76.0,78.0
111,61.0,36.0,65.0,50.0,68.0,87.0,53.0,78.0,99.0
68,64.0,26.0,82.0,97.0,46.0,66.0,79.0,75.0,85.0
100,64.0,40.0,46.0,62.0,60.0,77.0,66.0,80.0,82.0
47,59.0,37.0,31.0,69.0,72.0,77.0,72.0,82.0,81.0
98,96.0,127.0,73.0,85.0,93.0,59.0,68.0,74.0,61.0
49,67.0,40.0,49.0,60.0,80.0,77.0,85.0,77.0,61.0
29,97.0,102.0,71.0,77.0,67.0,77.0,79.0,99.0,83.0
88,71.0,111.0,83.0,83.0,82.0,61.0,80.0,109.0,100.0
49,86.0,98.0,73.0,54.0,74.0,58.0,83.0,80.0,102.0
89,82.0,79.0,89.0,48.0,68.0,62.0,65.0,80.0,64.0
29,57.0,75.0,63.0,36.0,35.0,57.0,78.0,83.0,80.0
115,60.0,67.0,65.0,41.0,72.0,65.0,71.0,119.0,83.0
31,67.0,42.0,77.0,83.0,87.0,75.0,76.0,33.0,68.0
68,99.0,56.0,81.0,38.0,48.0,71.0,82.0,74.0,85.0
107,88.0,86.0,64.0,66.0,62.0,59.0,75.0,99.0,78.0
69,52.0,30.0,46.0,46.0,54.0,73.0,66.0,28.0,80.0
94,99.0,84.0,70.0,75.0,74.0,82.0,75.0,80.0,5.0
35,47.0,29.0,46.0,102.0,59.0,91.0,80.0,72.0,38.0
55,47.0,61.0,71.0,82.0,50.0,72.0,60.0,82.0,80.0
92,108.0,29.0,105.0,48.0,65.0,73.0,74.0,41.0,77.0
84,56.0,70.0,76.0,51.0,55.0,88.0,79.0,62.0,84.0
64,26.0,51.0,74.0,81.0,84.0,88.0,83.0,35.0,82.0
35,89.0,71.0,41.0,77.0,71.0,74.0,78.0,83.0,51.0
85,75.0,57.0,54.0,84.0,59.0,77.0,86.0,74.0,35.0
112,91.0,36.0,63.0,73.0,77.0,39.0,70.0,81.0,83.0
56,67.0,59.0,75.0,59.0,71.0,76.0,49.0,80.0,82.0
64,69.0,60.0,80.0,59.0,83.0,78.0,68.0,72.0,105.0
55,57.0,78.0,36.0,89.0,84.0,81.0,72.0,79.0,84.0
91,101.0,85.0,54.0,67.0,87.0,84.0,80.0,73.0,73.0
59,50.0,75.0,65.0,55.0,66.0,69.0,103.0,80.0,80.0
82,44.0,77.0,62.0,74.0,64.0,45.0,71.0,52.0,83.0
33,39.0,92.0,64.0,57.0,94.0,77.0,75.0,77.0,2.0
103,90.0,83.0,50.0,66.0,52.0,79.0,69.0,92.0,94.0
80,66.0,62.0,66.0,43.0,47.0,66.0,77.0,70.0,49.0
25,73.0,47.0,91.0,54.0,82.0,77.0,78.0,78.0,83.0
75,61.0,79.0,65.0,66.0,74.0,57.0,82.0,69.0,52.0
42,116.0,64.0,71.0,44.0,74.0,69.0,76.0,83.0,84.0
47,59.0,28.0,52.0,78.0,26.0,78.0,72.0,76.0,83.0
104,54.0,86.0,94.0,68.0,52.0,77.0,69.0,71.0,66.0
59,85.0,81.0,48.0,48.0,83.0,67.0,82.0,78.0,81.0
105,86.0,34.0,41.0,64.0,90.0,76.0,79.0,78.0,78.0
72,58.0,95.0,71.0,43.0,61.0,71.0,39.0,96.0,40.0
34,61.0,110.0,97.0,76.0,69.0,50.0,84.0,63.0,11.0
61,110.0,64.0,75.0,34.0,76.0,69.0,38.0,71.0,54.0
88,98.0,49.0,34.0,87.0,65.0,79.0,81.0,40.0,81.0
24,65.0,48.0,103.0,56.0,70.0,75.0,35.0,77.0,82.0
49,22.0,27.0,34.0,95.0,72.0,85.0,70.0,76.0,83.0
112,110.0,63.0,46.0,46.0,59.0,71.0,62.0,67.0,71.0
32,100.0,66.0,52.0,37.0,66.0,56.0,41.0,82.0,81.0
51,55.0,67.0,65.0,84.0,63.0,26.0,77.0,82.0,54.0
95,98.0,55.0,48.0,94.0,70.0,83.0,70.0,77.0,11.0
77,90.0,89.0,54.0,55.0,77.0,69.0,75.0,70.0,40.0
16,43.0,110.0,49.0,74.0,59.0,73.0,78.0,69.0,83.0
76,85.0,95.0,35.0,58.0,59.0,66.0,74.0,80.0,48.0
18,95.0,76.0,60.0,61.0,6.0,24.0,5.0,77.0,58.0
32,78.0,77.0,64.0,69.0,52.0,83.0,63.0,76.0,50.0
49,111.0,96.0,74.0,86.0,70.0,81.0,70.0,63.0,76.0
36,56.0,51.0,44.0,39.0,86.0,65.0,79.0,81.0,78.0
58,111.0,69.0,95.0,86.0,54.0,70.0,86.0,80.0,53.0
64,92.0,39.0,76.0,64.0,47.0,69.0,90.0,79.0,85.0
115,19.0,96.0,66.0,94.0,68.0,84.0,78.0,82.0,79.0
58,59.0,89.0,80.0,98.0,56.0,65.0,76.0,79.0,79.0
52,48.0,49.0,55.0,38.0,30.0,77.0,62.0,40.0,53.0
29,67.0,102.0,36.0,94.0,85.0,66.0,71.0,75.0,96.0
15,100.0,97.0,27.0,81.0,84.0,75.0,76.0,84.0,14.0
117,22.0,49.0,65.0,54.0,57.0,78.0,81.0,81.0,81.0
51,73.0,104.0,35.0,88.0,60.0,44.0,16.0,74.0,98.0
47,36.0,84.0,67.0,44.0,80.0,72.0,76.0,58.0,87.0
102,38.0,51.0,42.0,55.0,85.0,70.0,66.0,75.0,80.0
84,84.0,110.0,66.0,76.0,80.0,74.0,77.0,98.0,80.0
97,90.0,94.0,37.0,86.0,54.0,77.0,77.0,46.0,81.0
95,118.0,88.0,103.0,86.0,38.0,60.0,92.0,62.0,78.0
57,18.0,61.0,96.0,42.0,60.0,83.0,36.0,75.0,84.0
33,112.0,32.0,50.0,82.0,80.0,68.0,83.0,78.0,81.0
99,62.0,67.0,75.0,60.0,69.0,56.0,35.0,78.0,81.0
98,105.0,39.0,76.0,77.0,8.0,83.0,76.0,81.0,85.0
112,36.0,57.0,64.0,43.0,63.0,84.0,82.0,111.0,83.0
84,98.0,96.0,36.0,70.0,77.0,80.0,78.0,76.0,80.0
86,43.0,56.0,93.0,73.0,86.0,66.0,74.0,79.0,83.0
55,96.0,32.0,63.0,46.0,78.0,69.0,67.0,80.0,89.0
76,40.0,77.0,99.0,55.0,79.0,74.0,75.0,78.0,81.0
107,74.0,89.0,90.0,70.0,81.0,68.0,83.0,75.0,58.0
70,97.0,98.0,39.0,79.0,93.0,76.0,93.0,53.0,50.0
110,58.0,100.0,59.0,75.0,68.0,31.0,83.0,83.0,79.0
40,69.0,33.0,90.0,67.0,88.0,80.0,66.0,80.0,83.0
84,54.0,64.0,52.0,72.0,81.0,22.0,81.0,101.0,80.0
75,92.0,38.0,73.0,60.0,80.0,60.0,125.0,55.0,126.0
104,88.0,54.0,91.0,62.0,71.0,89.0,36.0,34.0,63.0
74,48.0,87.0,29.0,49.0,83.0,73.0,70.0,73.0,110.0
90,117.0,52.0,80.0,58.0,63.0,81.0,70.0,82.0,85.0
74,58.0,103.0,61.0,58.0,61.0,63.0,81.0,78.0,79.0
66,95.0,52.0,58.0,64.0,57.0,50.0,51.0,70.0,83.0
119,34.0,82.0,87.0,90.0,90.0,88.0,77.0,80.0,83.0
92,73.0,101.0,60.0,72.0,55.0,69.0,68.0,74.0,78.0
88,90.0,64.0,82.0,67.0,69.0,63.0,67.0,95.0,82.0
15,78.0,98.0,97.0,77.0,49.0,84.0,76.0,98.0,71.0
34,100.0,60.0,79.0,79.0,81.0,77.0,31.0,98.0,94.0
115,82.0,31.0,91.0,46.0,29.0,72.0,74.0,47.0,82.0
121,60.0,103.0,36.0,96.0,77.0,80.0,72.0,75.0,82.0
94,16.0,28.0,26.0,65.0,83.0,56.0,78.0,80.0,79.0
32,95.0,49.0,73.0,49.0,85.0,66.0,63.0,78.0,81.0
48,59.0,28.0,56.0,76.0,60.0,46.0,81.0,23.0,79.0
109,99.0,78.0,71.0,83.0,74.0,85.0,82.0,77.0,78.0
56,43.0,47.0,64.0,65.0,69.0,67.0,70.0,79.0,76.0
83,65.0,71.0,35.0,61.0,63.0,81.0,71.0,32.0,96.0
42,22.0,99.0,98.0,92.0,80.0,49.0,84.0,70.0,82.0
75,37.0,80.0,38.0,90.0,71.0,87.0,81.0,82.0,51.0
22,86.0,49.0,92.0,96.0,74.0,80.0,78.0,81.0,82.0
116,15.0,53.0,64.0,71.0,72.0,76.0,81.0,101.0,43.0
43,90.0,51.0,55.0,41.0,65.0,56.0,74.0,79.0,86.0
18,101.0,41.0,41.0,72.0,48.0,43.0,69.0,77.0,81.0
67,52.0,64.0,52.0,35.0,89.0,79.0,69.0,41.0,62.0
22,46.0,66.0,80.0,97.0,97.0,97.0,75.0,80.0,82.0
54,34.0,77.0,71.0,55.0,67.0,81.0,46.0,72.0,106.0
119,24.0,99.0,57.0,75.0,89.0,76.0,47.0,76.0,85.0
104,59.0,93.0,66.0,60.0,46.0,75.0,85.0,59.0,48.0
13,84.0,50.0,32.0,42.0,62.0,87.0,79.0,78.0,37.0
94,17.0,79.0,94.0,55.0,82.0,102.0,72.0,73.0,78.0
76,58.0,77.0,37.0,84.0,69.0,69.0,78.0,72.0,77.0
89,107.0,75.0,79.0,49.0,75.0,75.0,65.0,69.0,76.0
60,78.0,38.0,86.0,49.0,71.0,68.0,82.0,69.0,86.0
71,59.0,62.0,75.0,82.0,78.0,83.0,75.0,78.0,87.0
79,53.0,67.0,45.0,70.0,101.0,83.0,83.0,82.0,67.0
77,112.0,69.0,70.0,41.0,54.0,79.0,71.0,106.0,101.0
50,95.0,94.0,68.0,62.0,86.0,58.0,50.0,95.0,81.0
35,83.0,32.0,63.0,49.0,48.0,81.0,66.0,79.0,19.0
95,97.0,104.0,68.0,63.0,93.0,71.0,80.0,76.0,58.0
77,37.0,48.0,50.0,65.0,77.0,96.0,70.0,41.0,89.0
35,85.0,37.0,94.0,70.0,68.0,67.0,83.0,79.0,92.0
103,71.0,62.0,72.0,96.0,83.0,77.0,73.0,82.0,58.0
73,31.0,78.0,64.0,66.0,68.0,66.0,68.0,73.0,79.0
64,43.0,45.0,104.0,94.0,82.0,69.0,77.0,46.0,78.0
67,38.0,40.0,59.0,64.0,72.0,30.0,75.0,93.0,10.0
17,110.0,51.0,52.0,62.0,77.0,65.0,77.0,46.0,82.0
26,40.0,62.0,55.0,82.0,85.0,20.0,83.0,83.0,72.0
97,48.0,101.0,71.0,81.0,77.0,75.0,79.0,37.0,81.0
40,97.0,58.0,64.0,84.0,51.0,72.0,71.0,86.0,65.0
52,65.0,61.0,68.0,85.0,80.0,60.0,70.0,72.0,79.0
25,98.0,25.0,36.0,67.0,70.0,90.0,82.0,79.0,83.0
79,98.0,56.0,99.0,93.0,75.0,75.0,83.0,78.0,82.0
99,111.0,59.0,90.0,50.0,47.0,79.0,46.0,79.0,127.0
103,102.0,65.0,70.0,82.0,52.0,77.0,75.0,103.0,81.0
20,107.0,66.0,57.0,65.0,69.0,77.0,108.0,80.0,106.0
107,24.0,65.0,32.0,80.0,79.0,104.0,69.0,84.0,98.0
37,83.0,63.0,68.0,77.0,87.0,68.0,77.0,75.0,82.0
33,90.0,44.0,45.0,73.0,64.0,67.0,69.0,83.0,78.0
69,31.0,74.0,43.0,50.0,91.0,77.0,79.0,67.0,76.0
98,43.0,63.0,62.0,84.0,50.0,86.0,82.0,82.0,82.0
20,91.0,112.0,47.0,69.0,81.0,73.0,68.0,76.0,77.0
55,54.0,49.0,62.0,73.0,83.0,82.0,71.0,82.0,78.0
108,60.0,47.0,66.0,35.0,47.0,78.0,67.0,73.0,83.0
42,95.0,47.0,87.0,65.0,82.0,78.0,74.0,53.0,84.0
45,107.0,89.0,81.0,70.0,52.0,68.0,60.0,46.0,81.0
100,58.0,77.0,54.0,75.0,74.0,73.0,78.0,78.0,79.0
37,51.0,88.0,50.0,45.0,63.0,87.0,74.0,73.0,77.0
84,27.0,61.0,51.0,86.0,66.0,69.0,77.0,82.0,43.0
113,103.0,55.0,60.0,65.0,62.0,67.0,81.0,68.0,51.0
114,47.0,61.0,87.0,68.0,68.0,61.0,75.0,74.0,79.0
33,80.0,22.0,37.0,98.0,72.0,72.0,84.0,97.0,
58,37.0,46.0,66.0,63.0,67.0,75.0,78.0,77.0,
98,51.0,70.0,34.0,97.0,73.0,55.0,71.0,79.0,
31,89.0,76.0,49.0,88.0,67.0,55.0,73.0,81.0,
73,62.0,72.0,85.0,84.0,61.0,67.0,75.0,76.0,
70,42.0,103.0,44.0,61.0,46.0,72.0,77.0,35.0,
92,83.0,57.0,56.0,42.0,61.0,72.0,60.0,78.0,
66,101.0,90.0,54.0,66.0,96.0,67.0,64.0,81.0,
68,117.0,92.0,94.0,96.0,91.0,74.0,73.0,79.0,
78,64.0,80.0,85.0,44.0,71.0,40.0,81.0,59.0,
101,58.0,30.0,31.0,96.0,69.0,76.0,82.0,3.0,
51,64.0,85.0,78.0,89.0,53.0,81.0,90.0,79.0,
74,46.0,64.0,34.0,76.0,68.0,52.0,70.0,76.0,
40,66.0,83.0,87.0,56.0,85.0,66.0,82.0,74.0,
68,51.0,100.0,51.0,84.0,66.0,56.0,73.0,71.0,
37,16.0,95.0,60.0,70.0,49.0,62.0,38.0,43.0,
13,110.0,74.0,47.0,49.0,85.0,84.0,77.0,74.0,
34,85.0,54.0,89.0,66.0,83.0,85.0,98.0,76.0,
105,61.0,50.0,89.0,91.0,50.0,74.0,53.0,81.0,
31,90.0,29.0,84.0,41.0,76.0,98.0,79.0,78.0,
40,69.0,76.0,42.0,98.0,57.0,73.0,108.0,48.0,
99,102.0,58.0,36.0,82.0,74.0,59.0,75.0,77.0,
89,50.0,83.0,38.0,81.0,87.0,46.0,79.0,79.0,
115,69.0,49.0,78.0,48.0,78.0,57.0,33.0,70.0,
109,38.0,60.0,42.0,74.0,76.0,80.0,79.0,84.0,
73,64.0,21.0,75.0,92.0,83.0,74.0,69.0,80.0,
110,68.0,87.0,97.0,69.0,47.0,61.0,76.0,101.0,
66,79.0,64.0,34.0,82.0,75.0,76.0,82.0,78.0,
110,20.0,75.0,59.0,72.0,88.0,88.0,70.0,35.0,
118,109.0,88.0,60.0,66.0,52.0,66.0,80.0,81.0,
70,40.0,108.0,88.0,57.0,63.0,60.0,77.0,28.0,
31,56.0,32.0,92.0,89.0,79.0,81.0,82.0,69.0,
103,60.0,26.0,70.0,38.0,52.0,42.0,82.0,79.0,
68,99.0,47.0,63.0,59.0,86.0,34.0,82.0,81.0,
69,35.0,67.0,64.0,92.0,92.0,69.0,70.0,77.0,
68,90.0,44.0,61.0,62.0,55.0,30.0,69.0,72.0,
35,116.0,67.0,40.0,94.0,70.0,73.0,69.0,82.0,
72,110.0,65.0,35.0,46.0,78.0,72.0,80.0,56.0,
109,67.0,75.0,60.0,47.0,68.0,84.0,72.0,51.0,
12,60.0,72.0,96.0,77.0,75.0,65.0,51.0,43.0,
22,73.0,90.0,71.0,48.0,58.0,88.0,81.0,41.0,
101,48.0,111.0,101.0,68.0,39.0,81.0,74.0,49.0,
52,54.0,40.0,61.0,89.0,54.0,49.0,51.0,33.0,
43,71.0,64.0,59.0,38.0,83.0,85.0,77.0,81.0,
82,66.0,56.0,105.0,73.0,53.0,84.0,46.0,73.0,
94,58.0,63.0,77.0,59.0,82.0,59.0,79.0,78.0,
110,57.0,66.0,99.0,62.0,75.0,60.0,77.0,84.0,
59,43.0,64.0,60.0,73.0,85.0,91.0,76.0,75.0,
92,104.0,83.0,39.0,79.0,55.0,84.0,76.0,81.0,
69,37.0,27.0,89.0,84.0,47.0,70.0,76.0,59.0,
96,78.0,80.0,84.0,39.0,65.0,59.0,77.0,95.0,
64,71.0,74.0,69.0,82.0,62.0,81.0,82.0,77.0,
78,90.0,20.0,56.0,60.0,80.0,81.0,98.0,61.0,
97,93.0,77.0,52.0,42.0,53.0,91.0,65.0,63.0,
92,74.0,40.0,78.0,60.0,77.0,81.0,45.0,7.0,
68,65.0,82.0,77.0,61.0,49.0,50.0,95.0,79.0,
105,55.0,108.0,81.0,68.0,3.0,78.0,111.0,75.0,
106,34.0,101.0,64.0,37.0,66.0,64.0,79.0,79.0,
13,77.0,66.0,42.0,43.0,89.0,57.0,78.0,80.0,
102,66.0,64.0,68.0,79.0,77.0,61.0,68.0,40.0,
98,58.0,81.0,36.0,92.0,55.0,48.0,82.0,84.0,
100,28.0,51.0,71.0,66.0,87.0,67.0,74.0,41.0,
102,63.0,84.0,67.0,54.0,75.0,78.0,102.0,78.0,
24,86.0,51.0,41.0,92.0,87.0,98.0,78.0,77.0,
105,57.0,87.0,55.0,80.0,89.0,76.0,83.0,76.0,
67,50.0,98.0,87.0,49.0,70.0,68.0,81.0,80.0,
71,45.0,70.0,58.0,91.0,90.0,75.0,72.0,80.0,
88,98.0,76.0,41.0,77.0,72.0,82.0,63.0,76.0,
17,20.0,67.0,55.0,94.0,81.0,83.0,73.0,84.0,
31,61.0,72.0,78.0,63.0,50.0,77.0,75.0,90.0,
22,26.0,104.0,79.0,52.0,53.0,89.0,83.0,50.0,
29,28.0,89.0,78.0,85.0,77.0,71.0,68.0,79.0,
20,38.0,72.0,50.0,93.0,61.0,61.0,74.0,83.0,
31,85.0,33.0,92.0,86.0,60.0,25.0,76.0,77.0,
83,103.0,42.0,48.0,97.0,70.0,85.0,75.0,76.0,
100,93.0,94.0,49.0,71.0,44.0,64.0,76.0,78.0,
105,54.0,58.0,73.0,77.0,67.0,78.0,71.0,15.0,
76,99.0,41.0,39.0,77.0,84.0,55.0,73.0,83.0,
50,71.0,45.0,44.0,85.0,70.0,57.0,73.0,78.0,
32,53.0,79.0,87.0,54.0,83.0,59.0,97.0,51.0,
24,46.0,100.0,90.0,62.0,70.0,90.0,81.0,75.0,
89,52.0,96.0,49.0,99.0,66.0,70.0,78.0,75.0,
31,116.0,64.0,45.0,44.0,78.0,80.0,82.0,80.0,
68,107.0,91.0,83.0,91.0,58.0,70.0,80.0,29.0,
29,70.0,98.0,91.0,76.0,67.0,76.0,74.0,76.0,
96,73.0,79.0,67.0,59.0,85.0,44.0,91.0,74.0,
69,72.0,59.0,74.0,56.0,75.0,65.0,75.0,75.0,
98,62.0,87.0,47.0,72.0,65.0,58.0,78.0,72.0,
44,35.0,94.0,41.0,82.0,76.0,87.0,79.0,44.0,
60,67.0,62.0,66.0,81.0,75.0,85.0,76.0,33.0,
40,110.0,79.0,38.0,68.0,70.0,88.0,54.0,83.0,
96,63.0,76.0,96.0,79.0,84.0,73.0,67.0,82.0,
65,77.0,78.0,81.0,51.0,67.0,61.0,73.0,80.0,
67,91.0,54.0,68.0,50.0,81.0,59.0,78.0,77.0,
99,90.0,65.0,51.0,55.0,77.0,76.0,73.0,62.0,
41,44.0,113.0,80.0,79.0,54.0,78.0,79.0,81.0,
80,70.0,80.0,34.0,50.0,57.0,77.0,77.0,81.0,
104,34.0,38.0,39.0,38.0,82.0,60.0,84.0,78.0,
101,92.0,69.0,62.0,41.0,101.0,79.0,73.0,82.0,
97,76.0,85.0,62.0,50.0,84.0,73.0,76.0,70.0,
68,82.0,36.0,87.0,72.0,65.0,71.0,65.0,73.0,
70,19.0,88.0,38.0,90.0,47.0,65.0,74.0,88.0,
55,82.0,97.0,97.0,70.0,54.0,60.0,68.0,75.0,
81,17.0,73.0,42.0,42.0,83.0,72.0,74.0,79.0,
51,37.0,59.0,65.0,87.0,83.0,60.0,78.0,80.0,
117,67.0,83.0,67.0,80.0,61.0,65.0,70.0,70.0,
109,77.0,40.0,73.0,66.0,92.0,127.0,74.0,82.0,
77,86.0,39.0,65.0,53.0,15.0,64.0,62.0,106.0,
36,31.0,59.0,105.0,62.0,66.0,71.0,8.0,73.0,
58,55.0,95.0,72.0,81.0,54.0,83.0,85.0,71.0,
61,38.0,96.0,37.0,44.0,45.0,58.0,53.0,85.0,
94,37.0,97.0,89.0,78.0,57.0,80.0,76.0,68.0,
45,45.0,111.0,81.0,87.0,67.0,60.0,75.0,82.0,
99,79.0,90.0,43.0,51.0,75.0,70.0,97.0,95.0,
58,36.0,95.0,90.0,82.0,73.0,81.0,64.0,82.0,
86,17.0,75.0,72.0,52.0,78.0,62.0,81.0,80.0,
67,68.0,111.0,86.0,50.0,67.0,61.0,81.0,29.0,
117,70.0,60.0,37.0,86.0,63.0,48.0,76.0,112.0,
23,21.0,32.0,88.0,65.0,86.0,84.0,59.0,78.0,
96,32.0,63.0,86.0,39.0,52.0,67.0,75.0,78.0,
110,103.0,55.0,63.0,67.0,48.0,75.0,70.0,70.0,
30,62.0,32.0,50.0,51.0,71.0,78.0,46.0,80.0,
26,71.0,67.0,63.0,60.0,88.0,69.0,41.0,76.0,
109,33.0,69.0,35.0,47.0,68.0,37.0,65.0,71.0,
50,25.0,102.0,67.0,90.0,81.0,68.0,79.0,81.0,
97,97.0,55.0,56.0,67.0,50.0,73.0,80.0,75.0,
110,86.0,75.0,59.0,75.0,57.0,83.0,78.0,79.0,
90,83.0,65.0,99.0,71.0,51.0,67.0,47.0,80.0,
79,82.0,59.0,73.0,82.0,79.0,61.0,78.0,79.0,
81,81.0,28.0,63.0,45.0,63.0,83.0,107.0,81.0,
56,26.0,59.0,58.0,81.0,82.0,75.0,79.0,34.0,
76,113.0,28.0,53.0,52.0,80.0,78.0,79.0,77.0,
77,85.0,82.0,70.0,65.0,59.0,77.0,81.0,79.0,
97,67.0,72.0,89.0,93.0,70.0,59.0,71.0,75.0,
121,78.0,81.0,85.0,44.0,46.0,89.0,38.0,82.0,
65,93.0,90.0,57.0,71.0,68.0,69.0,78.0,72.0,
58,53.0,101.0,36.0,80.0,98.0,74.0,84.0,44.0,
67,115.0,37.0,70.0,37.0,79.0,53.0,82.0,80.0,
96,61.0,75.0,69.0,92.0,66.0,85.0,71.0,81.0,
63,61.0,92.0,43.0,99.0,84.0,64.0,64.0,80.0,
83,75.0,72.0,98.0,84.0,33.0,62.0,75.0,59.0,
59,35.0,90.0,76.0,80.0,67.0,70.0,39.0,79.0,
71,81.0,69.0,29.0,80.0,90.0,84.0,80.0,72.0,
69,56.0,79.0,91.0,64.0,64.0,74.0,78.0,71.0,
69,75.0,82.0,90.0,96.0,52.0,70.0,42.0,74.0,
39,24.0,60.0,45.0,58.0,68.0,72.0,39.0,76.0,
111,52.0,40.0,94.0,68.0,84.0,84.0,69.0,84.0,
103,47.0,53.0,51.0,96.0,85.0,70.0,83.0,79.0,
85,64.0,79.0,99.0,63.0,47.0,51.0,72.0,72.0,
52,69.0,22.0,72.0,61.0,60.0,74.0,75.0,79.0,
88,70.0,87.0,60.0,55.0,88.0,74.0,87.0,108.0,
73,40.0,108.0,43.0,64.0,85.0,81.0,85.0,80.0,
74,21.0,82.0,64.0,49.0,87.0,65.0,72.0,76.0,
16,107.0,96.0,77.0,87.0,70.0,73.0,77.0,74.0,
72,73.0,37.0,60.0,89.0,77.0,62.0,84.0,59.0,
43,19.0,32.0,43.0,71.0,91.0,59.0,80.0,48.0,
47,37.0,66.0,50.0,40.0,51.0,72.0,77.0,76.0,
70,100.0,102.0,81.0,53.0,77.0,71.0,72.0,78.0,
19,84.0,78.0,77.0,92.0,76.0,44.0,68.0,94.0,
52,106.0,79.0,47.0,56.0,68.0,77.0,82.0,76.0,
46,31.0,91.0,56.0,75.0,65.0,67.0,82.0,75.0,
15,84.0,41.0,91.0,59.0,57.0,86.0,81.0,72.0,
28,28.0,27.0,79.0,72.0,55.0,80.0,41.0,79.0,
21,66.0,89.0,45.0,70.0,59.0,76.0,82.0,81.0,
111,69.0,82.0,121.0,62.0,54.0,74.0,79.0,77.0,
50,71.0,67.0,71.0,54.0,75.0,58.0,78.0,71.0,
88,98.0,53.0,36.0,45.0,49.0,65.0,76.0,34.0,
21,61.0,101.0,89.0,86.0,83.0,80.0,75.0,98.0,
79,77.0,48.0,45.0,59.0,81.0,54.0,78.0,16.0,
105,94.0,97.0,94.0,70.0,60.0,82.0,71.0,92.0,
33,80.0,106.0,53.0,59.0,84.0,75.0,81.0,81.0,
99,95.0,30.0,57.0,60.0,66.0,84.0,74.0,78.0,
86,59.0,95.0,52.0,62.0,49.0,72.0,78.0,74.0,
102,89.0,74.0,76.0,45.0,26.0,71.0,73.0,74.0,
91,62.0,52.0,62.0,85.0,73.0,61.0,70.0,74.0,
95,61.0,71.0,35.0,73.0,77.0,59.0,78.0,83.0,
56,66.0,94.0,50.0,70.0,60.0,54.0,63.0,79.0,
84,111.0,100.0,47.0,6.0,81.0,67.0,91.0,81.0,
112,56.0,74.0,67.0,38.0,82.0,82.0,102.0,79.0,
99,43.0,108.0,55.0,62.0,44.0,74.0,75.0,94.0,
36,85.0,41.0,81.0,63.0,53.0,75.0,81.0,69.0,
76,89.0,83.0,84.0,94.0,90.0,71.0,85.0,76.0,
48,95.0,33.0,59.0,88.0,54.0,76.0,78.0,77.0,
29,33.0,72.0,69.0,67.0,91.0,67.0,80.0,69.0,
49,60.0,84.0,35.0,60.0,52.0,82.0,79.0,83.0,
109,83.0,91.0,55.0,62.0,48.0,54.0,79.0,78.0,
55,60.0,46.0,44.0,65.0,85.0,56.0,76.0,77.0,
84,39.0,87.0,66.0,67.0,53.0,59.0,39.0,77.0,
106,57.0,37.0,66.0,65.0,69.0,72.0,82.0,78.0,
72,104.0,49.0,79.0,65.0,102.0,83.0,78.0,74.0,
66,64.0,91.0,59.0,71.0,73.0,72.0,76.0,53.0,
49,59.0,47.0,45.0,61.0,52.0,70.0,56.0,72.0,
101,40.0,106.0,90.0,76.0,81.0,119.0,72.0,82.0,
73,101.0,73.0,81.0,42.0,68.0,60.0,68.0,98.0,
39,113.0,92.0,70.0,59.0,69.0,79.0,67.0,70.0,
75,80.0,101.0,95.0,86.0,85.0,88.0,64.0,80.0,
58,90.0,88.0,66.0,62.0,63.0,59.0,83.0,77.0,
27,82.0,59.0,43.0,52.0,73.0,73.0,75.0,99.0,
54,19.0,44.0,43.0,36.0,75.0,78.0,65.0,42.0,
20,39.0,99.0,88.0,75.0,91.0,61.0,98.0,78.0,
74,44.0,94.0,95.0,53.0,60.0,31.0,80.0,82.0,
70,49.0,80.0,82.0,98.0,61.0,61.0,70.0,76.0,
73,31.0,37.0,69.0,61.0,91.0,63.0,85.0,68.0,
53,86.0,82.0,67.0,98.0,58.0,77.0,73.0,83.0,
81,45.0,46.0,83.0,43.0,64.0,76.0,93.0,81.0,
105,71.0,28.0,83.0,78.0,67.0,69.0,77.0,127.0,
70,72.0,72.0,32.0,78.0,27.0,85.0,78.0,80.0,
25,109.0,54.0,90.0,59.0,83.0,38.0,80.0,93.0,
81,97.0,32.0,42.0,99.0,93.0,80.0,75.0,64.0,
109,87.0,68.0,33.0,41.0,83.0,80.0,77.0,34.0,
62,82.0,55.0,93.0,93.0,65.0,37.0,77.0,85.0,
50,57.0,58.0,97.0,47.0,80.0,76.0,56.0,66.0,
108,32.0,96.0,37.0,93.0,69.0,86.0,34.0,60.0,
82,79.0,59.0,90.0,75.0,51.0,81.0,76.0,79.0,
22,97.0,40.0,98.0,99.0,89.0,65.0,69.0,93.0,
59,66.0,83.0,44.0,63.0,75.0,70.0,84.0,,
22,93.0,109.0,92.0,71.0,91.0,75.0,65.0,,
112,67.0,31.0,65.0,88.0,88.0,105.0,85.0,,
14,62.0,48.0,71.0,40.0,55.0,84.0,61.0,,
56,60.0,103.0,56.0,69.0,61.0,32.0,67.0,,
66,60.0,91.0,91.0,37.0,72.0,64.0,85.0,,
92,29.0,24.0,49.0,43.0,90.0,45.0,86.0,,
99,99.0,100.0,57.0,70.0,73.0,83.0,70.0,,
78,77.0,48.0,48.0,77.0,59.0,79.0,81.0,,
33,65.0,51.0,28.0,63.0,84.0,86.0,78.0,,
90,23.0,88.0,54.0,93.0,86.0,35.0,76.0,,
114,38.0,87.0,51.0,48.0,70.0,64.0,73.0,,
87,57.0,47.0,43.0,62.0,49.0,82.0,77.0,,
30,45.0,81.0,41.0,118.0,67.0,56.0,69.0,,
38,58.0,61.0,74.0,81.0,73.0,101.0,79.0,,
85,59.0,102.0,50.0,70.0,80.0,68.0,79.0,,
77,15.0,56.0,35.0,60.0,70.0,63.0,74.0,,
37,23.0,52.0,46.0,76.0,73.0,76.0,76.0,,
54,88.0,72.0,56.0,56.0,83.0,85.0,83.0,,
106,102.0,51.0,58.0,92.0,72.0,79.0,84.0,,
53,66.0,96.0,88.0,55.0,73.0,70.0,75.0,,
121,85.0,23.0,94.0,64.0,76.0,69.0,83.0,,
29,89.0,83.0,41.0,75.0,87.0,87.0,69.0,,
83,16.0,40.0,42.0,70.0,81.0,84.0,90.0,,
95,64.0,29.0,46.0,83.0,48.0,91.0,73.0,,
96,116.0,36.0,59.0,49.0,70.0,99.0,64.0,,
56,45.0,65.0,28.0,64.0,85.0,53.0,29.0,,
50,15.0,105.0,35.0,86.0,75.0,61.0,79.0,,
67,19.0,64.0,64.0,58.0,91.0,40.0,84.0,,
84,92.0,31.0,96.0,39.0,83.0,72.0,67.0,,
40,84.0,64.0,92.0,54.0,72.0,79.0,86.0,,
55,108.0,56.0,65.0,91.0,53.0,56.0,81.0,,
91,86.0,85.0,86.0,92.0,94.0,70.0,77.0,,
56,58.0,90.0,64.0,69.0,78.0,82.0,91.0,,
98,69.0,39.0,90.0,70.0,49.0,102.0,76.0,,
38,100.0,32.0,88.0,74.0,62.0,54.0,61.0,,
74,76.0,92.0,93.0,70.0,85.0,63.0,76.0,,
59,44.0,101.0,86.0,69.0,59.0,72.0,75.0,,
89,44.0,83.0,79.0,71.0,55.0,86.0,78.0,,
22,59.0,40.0,58.0,82.0,60.0,62.0,78.0,,
84,79.0,92.0,61.0,43.0,94.0,68.0,76.0,,
99,45.0,102.0,96.0,90.0,81.0,64.0,78.0,,
84,16.0,54.0,105.0,77.0,73.0,77.0,81.0,,
57,41.0,89.0,95.0,92.0,47.0,85.0,52.0,,
55,103.0,47.0,61.0,78.0,92.0,62.0,79.0,,
59,67.0,88.0,39.0,76.0,64.0,66.0,102.0,,
15,112.0,73.0,70.0,54.0,11.0,93.0,77.0,,
39,24.0,84.0,31.0,78.0,71.0,71.0,70.0,,
107,49.0,77.0,84.0,49.0,68.0,69.0,78.0,,
103,65.0,59.0,59.0,47.0,102.0,84.0,70.0,,
110,45.0,72.0,33.0,43.0,93.0,76.0,80.0,,
74,34.0,43.0,98.0,43.0,78.0,119.0,84.0,,
89,39.0,109.0,90.0,42.0,88.0,100.0,77.0,,
112,77.0,75.0,64.0,68.0,78.0,82.0,42.0,,
50,75.0,30.0,52.0,91.0,74.0,81.0,56.0,,
31,92.0,88.0,45.0,48.0,80.0,83.0,99.0,,
68,94.0,85.0,83.0,51.0,59.0,67.0,80.0,,
102,43.0,52.0,80.0,97.0,87.0,62.0,103.0,,
56,87.0,59.0,83.0,83.0,89.0,72.0,75.0,,
81,104.0,97.0,50.0,86.0,79.0,76.0,109.0,,
28,106.0,79.0,68.0,84.0,43.0,74.0,69.0,,
88,81.0,54.0,49.0,63.0,82.0,76.0,76.0,,
120,18.0,86.0,37.0,87.0,36.0,27.0,49.0,,
92,51.0,54.0,72.0,74.0,55.0,60.0,86.0,,
86,83.0,24.0,48.0,70.0,48.0,82.0,76.0,,
99,65.0,51.0,70.0,38.0,4.0,41.0,65.0,,
114,75.0,90.0,59.0,58.0,46.0,94.0,80.0,,
34,111.0,61.0,63.0,99.0,74.0,71.0,83.0,,
103,58.0,50.0,52.0,73.0,69.0,66.0,52.0,,
52,81.0,47.0,42.0,77.0,71.0,72.0,86.0,,
39,117.0,33.0,84.0,82.0,75.0,80.0,83.0,,
44,37.0,55.0,95.0,68.0,73.0,83.0,66.0,,
25,44.0,49.0,85.0,85.0,76.0,82.0,77.0,,
46,101.0,71.0,96.0,49.0,58.0,86.0,63.0,,
57,77.0,92.0,64.0,80.0,64.0,71.0,91.0,,
38,75.0,89.0,78.0,43.0,62.0,75.0,77.0,,
54,114.0,111.0,68.0,53.0,63.0,106.0,70.0,,
105,85.0,89.0,59.0,51.0,79.0,63.0,80.0,,
107,77.0,85.0,74.0,46.0,68.0,63.0,83.0,,
75,94.0,89.0,73.0,58.0,68.0,74.0,79.0,,
18,37.0,70.0,87.0,70.0,70.0,86.0,65.0,,
20,113.0,58.0,93.0,108.0,76.0,35.0,72.0,,
83,78.0,99.0,43.0,67.0,48.0,69.0,75.0,,
69,55.0,27.0,51.0,86.0,72.0,64.0,40.0,,
69,97.0,81.0,50.0,88.0,69.0,78.0,69.0,,
44,75.0,29.0,34.0,85.0,46.0,79.0,53.0,,
76,100.0,38.0,87.0,84.0,61.0,81.0,81.0,,
29,64.0,77.0,81.0,37.0,53.0,88.0,95.0,,
25,61.0,86.0,104.0,94.0,75.0,61.0,84.0,,
113,46.0,54.0,81.0,99.0,59.0,58.0,78.0,,
22,61.0,47.0,83.0,51.0,79.0,48.0,83.0,,
104,115.0,96.0,73.0,106.0,107.0,64.0,48.0,,
27,49.0,47.0,85.0,92.0,45.0,56.0,37.0,,
59,52.0,29.0,72.0,13.0,64.0,26.0,74.0,,
78,58.0,51.0,58.0,38.0,48.0,64.0,78.0,,
65,43.0,103.0,48.0,39.0,90.0,85.0,66.0,,
43,54.0,55.0,44.0,51.0,82.0,78.0,73.0,,
121,81.0,78.0,81.0,71.0,59.0,16.0,80.0,,
50,97.0,56.0,93.0,87.0,83.0,69.0,43.0,,
107,79.0,78.0,77.0,62.0,37.0,68.0,82.0,,
73,108.0,91.0,64.0,76.0,77.0,65.0,81.0,,
85,93.0,41.0,80.0,87.0,66.0,59.0,50.0,,
74,53.0,31.0,42.0,65.0,60.0,59.0,67.0,,
91,39.0,52.0,84.0,64.0,78.0,57.0,85.0,,
38,91.0,44.0,61.0,92.0,90.0,65.0,77.0,,
18,42.0,27.0,91.0,88.0,90.0,19.0,85.0,,
45,22.0,32.0,33.0,66.0,68.0,82.0,75.0,,
41,81.0,36.0,63.0,88.0,66.0,79.0,76.0,,
91,99.0,75.0,54.0,65.0,89.0,71.0,40.0,,
53,42.0,20.0,96.0,62.0,59.0,62.0,70.0,,
44,92.0,49.0,42.0,70.0,50.0,77.0,79.0,,
77,99.0,50.0,49.0,88.0,59.0,76.0,79.0,,
87,63.0,117.0,55.0,48.0,59.0,73.0,80.0,,
122,80.0,69.0,43.0,69.0,27.0,79.0,70.0,,
74,48.0,85.0,44.0,71.0,67.0,65.0,78.0,,
24,48.0,85.0,76.0,36.0,75.0,80.0,76.0,,
85,48.0,55.0,91.0,81.0,66.0,56.0,80.0,,
35,36.0,74.0,102.0,89.0,74.0,73.0,81.0,,
109,23.0,97.0,93.0,62.0,57.0,63.0,84.0,,
41,74.0,54.0,73.0,87.0,78.0,85.0,74.0,,
104,60.0,46.0,71.0,62.0,53.0,87.0,73.0,,
104,52.0,99.0,102.0,80.0,34.0,69.0,79.0,,
34,80.0,50.0,67.0,44.0,77.0,74.0,64.0,,
101,88.0,70.0,92.0,48.0,51.0,87.0,79.0,,
56,88.0,55.0,98.0,76.0,72.0,70.0,79.0,,
57,46.0,81.0,65.0,76.0,76.0,63.0,78.0,,
59,75.0,100.0,78.0,43.0,50.0,83.0,79.0,,
93,71.0,35.0,55.0,56.0,76.0,73.0,69.0,,
76,102.0,80.0,33.0,77.0,65.0,73.0,80.0,,
97,89.0,91.0,59.0,88.0,75.0,77.0,91.0,,
104,52.0,86.0,64.0,51.0,60.0,65.0,62.0,,
5,108.0,28.0,65.0,61.0,50.0,80.0,77.0,,
48,116.0,83.0,75.0,65.0,55.0,57.0,107.0,,
84,84.0,31.0,94.0,64.0,86.0,84.0,76.0,,
99,40.0,111.0,86.0,56.0,79.0,32.0,96.0,,
35,63.0,100.0,62.0,65.0,83.0,99.0,72.0,,
73,76.0,67.0,50.0,78.0,55.0,40.0,102.0,,
84,103.0,61.0,53.0,73.0,61.0,78.0,67.0,,
87,93.0,70.0,79.0,67.0,73.0,80.0,77.0,,
82,78.0,70.0,40.0,83.0,72.0,87.0,68.0,,
66,99.0,103.0,32.0,68.0,81.0,79.0,98.0,,
99,37.0,56.0,63.0,87.0,74.0,80.0,61.0,,
73,99.0,79.0,87.0,59.0,77.0,62.0,77.0,,
57,93.0,112.0,83.0,76.0,70.0,73.0,81.0,,
49,94.0,64.0,100.0,96.0,53.0,52.0,83.0,,
96,38.0,44.0,61.0,48.0,66.0,84.0,77.0,,
84,76.0,61.0,54.0,77.0,62.0,70.0,79.0,,
56,32.0,75.0,84.0,48.0,65.0,75.0,64.0,,
112,104.0,51.0,37.0,94.0,54.0,70.0,77.0,,
30,35.0,92.0,71.0,82.0,63.0,83.0,86.0,,
95,37.0,71.0,69.0,57.0,77.0,83.0,83.0,,
121,57.0,45.0,76.0,68.0,40.0,63.0,37.0,,
85,29.0,108.0,80.0,46.0,67.0,82.0,81.0,,
57,48.0,93.0,104.0,66.0,77.0,79.0,82.0,,
101,69.0,60.0,77.0,56.0,75.0,86.0,79.0,,
82,47.0,61.0,42.0,75.0,57.0,84.0,70.0,,
71,58.0,96.0,80.0,43.0,54.0,61.0,78.0,,
41,67.0,98.0,69.0,45.0,49.0,84.0,71.0,,
84,93.0,89.0,79.0,62.0,72.0,25.0,77.0,,
59,100.0,19.0,73.0,54.0,50.0,73.0,81.0,,
54,76.0,99.0,64.0,76.0,88.0,48.0,73.0,,
23,89.0,87.0,38.0,87.0,61.0,55.0,78.0,,
111,104.0,70.0,88.0,60.0,51.0,24.0,84.0,,
88,81.0,79.0,58.0,36.0,73.0,35.0,76.0,,
108,54.0,47.0,40.0,65.0,57.0,76.0,65.0,,
47,24.0,65.0,94.0,82.0,79.0,106.0,72.0,,
28,87.0,58.0,87.0,61.0,90.0,64.0,78.0,,
23,25.0,41.0,84.0,61.0,82.0,84.0,71.0,,
97,56.0,102.0,67.0,39.0,90.0,60.0,40.0,,
42,66.0,47.0,68.0,71.0,77.0,81.0,41.0,,
30,81.0,57.0,101.0,89.0,85.0,75.0,84.0,,
92,25.0,84.0,101.0,40.0,60.0,79.0,108.0,,
115,69.0,97.0,64.0,97.0,60.0,75.0,83.0,,
90,68.0,41.0,95.0,83.0,55.0,58.0,70.0,,
17,110.0,91.0,43.0,43.0,49.0,76.0,68.0,,
98,127.0,98.0,72.0,52.0,89.0,81.0,77.0,,
114,42.0,104.0,52.0,89.0,65.0,102.0,42.0,,
112,43.0,30.0,84.0,79.0,35.0,86.0,76.0,,
64,87.0,69.0,84.0,71.0,49.0,71.0,83.0,,
29,70.0,60.0,29.0,47.0,83.0,85.0,35.0,,
37,19.0,103.0,52.0,46.0,85.0,64.0,78.0,,
46,115.0,57.0,52.0,57.0,78.0,68.0,72.0,,
23,55.0,101.0,74.0,37.0,82.0,70.0,79.0,,
106,81.0,63.0,53.0,95.0,84.0,86.0,82.0,,
15,65.0,51.0,63.0,74.0,88.0,77.0,46.0,,
74,80.0,37.0,86.0,74.0,52.0,83.0,69.0,,
51,78.0,76.0,47.0,79.0,68.0,83.0,70.0,,
118,24.0,73.0,69.0,79.0,65.0,72.0,73.0,,
63,44.0,23.0,65.0,65.0,84.0,73.0,79.0,,
75,95.0,69.0,38.0,96.0,83.0,103.0,,,
103,86.0,98.0,98.0,85.0,103.0,86.0,,,
34,46.0,50.0,90.0,78.0,32.0,72.0,,,
93,47.0,70.0,65.0,73.0,71.0,85.0,,,
98,62.0,66.0,95.0,46.0,55.0,54.0,,,
64,80.0,67.0,35.0,60.0,68.0,34.0,,,
60,37.0,37.0,81.0,80.0,50.0,65.0,,,
84,76.0,65.0,32.0,75.0,46.0,70.0,,,
89,88.0,106.0,48.0,69.0,48.0,60.0,,,
89,103.0,51.0,58.0,75.0,59.0,64.0,,,
33,29.0,46.0,68.0,94.0,84.0,59.0,,,
64,36.0,61.0,103.0,47.0,72.0,56.0,,,
60,45.0,62.0,85.0,53.0,74.0,67.0,,,
66,63.0,47.0,41.0,60.0,71.0,101.0,,,
80,108.0,75.0,80.0,66.0,87.0,80.0,,,
16,53.0,6.0,84.0,87.0,84.0,71.0,,,
75,24.0,55.0,38.0,92.0,73.0,75.0,,,
42,50.0,29.0,61.0,85.0,72.0,55.0,,,
29,50.0,38.0,44.0,78.0,71.0,111.0,,,
84,68.0,22.0,71.0,56.0,69.0,99.0,,,
87,72.0,52.0,37.0,86.0,79.0,28.0,,,
38,29.0,107.0,59.0,56.0,68.0,55.0,,,
78,55.0,45.0,37.0,70.0,86.0,84.0,,,
86,69.0,43.0,81.0,105.0,92.0,73.0,,,
38,38.0,49.0,95.0,40.0,57.0,75.0,,,
19,44.0,60.0,97.0,62.0,84.0,77.0,,,
39,24.0,96.0,49.0,47.0,89.0,87.0,,,
121,59.0,72.0,59.0,56.0,48.0,58.0,,,
74,50.0,101.0,32.0,84.0,67.0,55.0,,,
93,58.0,59.0,91.0,48.0,75.0,74.0,,,
83,56.0,81.0,100.0,72.0,87.0,43.0,,,
58,52.0,60.0,86.0,71.0,77.0,76.0,,,
101,51.0,97.0,49.0,82.0,70.0,64.0,,,
57,83.0,39.0,50.0,43.0,69.0,78.0,,,
97,106.0,90.0,77.0,94.0,86.0,72.0,,,
86,46.0,76.0,89.0,77.0,60.0,76.0,,,
75,98.0,80.0,41.0,54.0,78.0,90.0,,,
100,93.0,69.0,63.0,43.0,71.0,99.0,,,
66,106.0,73.0,82.0,67.0,76.0,67.0,,,
101,82.0,25.0,89.0,84.0,76.0,84.0,,,
39,28.0,77.0,23.0,40.0,76.0,66.0,,,
69,58.0,68.0,76.0,99.0,92.0,72.0,,,
16,61.0,98.0,85.0,75.0,59.0,83.0,,,
19,62.0,88.0,27.0,71.0,85.0,62.0,,,
22,21.0,67.0,64.0,69.0,76.0,58.0,,,
33,109.0,96.0,22.0,36.0,60.0,76.0,,,
57,75.0,37.0,87.0,79.0,90.0,65.0,,,
107,45.0,53.0,34.0,81.0,75.0,36.0,,,
72,60.0,63.0,85.0,55.0,93.0,75.0,,,
105,40.0,46.0,104.0,87.0,76.0,49.0,,,
69,109.0,48.0,75.0,80.0,68.0,59.0,,,
56,61.0,63.0,48.0,37.0,63.0,67.0,,,
103,66.0,75.0,34.0,69.0,79.0,78.0,,,
87,116.0,84.0,70.0,85.0,81.0,76.0,,,
78,33.0,90.0,66.0,64.0,97.0,86.0,,,
91,85.0,87.0,48.0,53.0,72.0,43.0,,,
74,56.0,55.0,83.0,58.0,50.0,74.0,,,
78,44.0,25.0,84.0,42.0,42.0,64.0,,,
56,37.0,81.0,50.0,88.0,72.0,65.0,,,
58,40.0,81.0,35.0,52.0,86.0,84.0,,,
108,62.0,59.0,36.0,96.0,45.0,44.0,,,
74,53.0,61.0,56.0,79.0,38.0,104.0,,,
99,64.0,100.0,29.0,49.0,82.0,70.0,,,
58,32.0,101.0,43.0,42.0,81.0,64.0,,,
109,59.0,63.0,58.0,38.0,118.0,81.0,,,
108,54.0,24.0,96.0,35.0,56.0,74.0,,,
62,56.0,99.0,81.0,84.0,90.0,75.0,,,
116,48.0,45.0,48.0,53.0,52.0,102.0,,,
108,82.0,66.0,41.0,46.0,72.0,87.0,,,
61,83.0,61.0,92.0,73.0,80.0,65.0,,,
119,46.0,68.0,75.0,54.0,59.0,67.0,,,
96,55.0,56.0,99.0,61.0,69.0,61.0,,,
83,65.0,106.0,55.0,73.0,68.0,58.0,,,
42,37.0,57.0,98.0,78.0,49.0,49.0,,,
114,100.0,92.0,67.0,58.0,54.0,62.0,,,
54,36.0,97.0,62.0,56.0,63.0,77.0,,,
34,109.0,57.0,58.0,40.0,106.0,90.0,,,
53,78.0,37.0,44.0,39.0,67.0,48.0,,,
14,93.0,61.0,43.0,69.0,101.0,55.0,,,
91,90.0,102.0,76.0,81.0,89.0,88.0,,,
64,32.0,34.0,69.0,83.0,99.0,68.0,,,
60,58.0,74.0,63.0,76.0,80.0,72.0,,,
68,38.0,37.0,99.0,41.0,32.0,82.0,,,
87,47.0,32.0,104.0,72.0,78.0,85.0,,,
16,88.0,70.0,31.0,81.0,74.0,46.0,,,
86,116.0,37.0,63.0,56.0,46.0,80.0,,,
105,93.0,30.0,112.0,58.0,51.0,79.0,,,
38,37.0,81.0,43.0,67.0,82.0,57.0,,,
61,56.0,112.0,55.0,78.0,87.0,58.0,,,
56,76.0,41.0,88.0,87.0,80.0,84.0,,,
80,89.0,57.0,73.0,37.0,92.0,21.0,,,
114,78.0,87.0,28.0,96.0,52.0,69.0,,,
111,83.0,82.0,32.0,84.0,76.0,57.0,,,
17,67.0,85.0,85.0,76.0,50.0,79.0,,,
72,82.0,96.0,98.0,38.0,62.0,79.0,,,
38,45.0,98.0,70.0,86.0,52.0,75.0,,,
32,83.0,69.0,54.0,83.0,57.0,101.0,,,
108,53.0,39.0,71.0,60.0,67.0,84.0,,,
78,74.0,103.0,75.0,73.0,88.0,34.0,,,
29,76.0,97.0,61.0,80.0,74.0,86.0,,,
51,49.0,45.0,80.0,40.0,88.0,63.0,,,
94,110.0,82.0,52.0,61.0,52.0,56.0,,,
54,100.0,88.0,86.0,55.0,47.0,64.0,,,
118,105.0,72.0,43.0,46.0,65.0,83.0,,,
79,96.0,21.0,65.0,99.0,67.0,79.0,,,
40,85.0,86.0,78.0,66.0,74.0,90.0,,,
94,66.0,82.0,52.0,74.0,63.0,72.0,,,
69,52.0,46.0,32.0,59.0,89.0,80.0,,,
20,83.0,75.0,71.0,49.0,64.0,76.0,,,
76,56.0,61.0,68.0,79.0,58.0,78.0,,,
36,54.0,45.0,50.0,66.0,89.0,75.0,,,
67,34.0,79.0,68.0,105.0,86.0,65.0,,,
17,80.0,42.0,81.0,39.0,67.0,92.0,,,
86,85.0,82.0,48.0,97.0,82.0,56.0,,,
89,82.0,47.0,90.0,83.0,112.0,70.0,,,
17,107.0,28.0,52.0,83.0,76.0,78.0,,,
104,79.0,48.0,63.0,78.0,99.0,77.0,,,
32,81.0,40.0,78.0,85.0,76.0,84.0,,,
33,31.0,78.0,72.0,67.0,66.0,56.0,,,
41,27.0,32.0,72.0,82.0,66.0,83.0,,,
85,21.0,42.0,84.0,83.0,67.0,71.0,,,
75,110.0,40.0,88.0,75.0,71.0,56.0,,,
98,37.0,44.0,97.0,105.0,71.0,86.0,,,
94,55.0,56.0,37.0,72.0,56.0,76.0,,,
104,91.0,87.0,94.0,87.0,74.0,65.0,,,
105,48.0,67.0,66.0,60.0,44.0,87.0,,,
104,80.0,41.0,98.0,83.0,62.0,67.0,,,
57,78.0,37.0,54.0,108.0,82.0,72.0,,,
43,102.0,38.0,71.0,55.0,86.0,58.0,,,
21,35.0,22.0,34.0,57.0,94.0,29.0,,,
13,27.0,57.0,66.0,67.0,125.0,85.0,,,
71,114.0,41.0,60.0,49.0,49.0,58.0,,,
66,104.0,95.0,75.0,45.0,106.0,74.0,,,
53,62.0,85.0,68.0,83.0,65.0,68.0,,,
38,45.0,55.0,84.0,39.0,70.0,78.0,,,
15,56.0,82.0,103.0,60.0,50.0,59.0,,,
70,28.0,56.0,59.0,94.0,54.0,83.0,,,
52,108.0,97.0,51.0,79.0,69.0,82.0,,,
34,45.0,119.0,96.0,64.0,90.0,71.0,,,
116,74.0,46.0,58.0,52.0,76.0,85.0,,,
80,82.0,34.0,81.0,38.0,93.0,57.0,,,
69,97.0,31.0,59.0,97.0,48.0,70.0,,,
56,81.0,105.0,89.0,73.0,88.0,74.0,,,
78,49.0,71.0,41.0,76.0,77.0,75.0,,,
56,57.0,73.0,42.0,54.0,74.0,88.0,,,
82,105.0,95.0,101.0,69.0,50.0,59.0,,,
100,42.0,96.0,36.0,68.0,31.0,85.0,,,
81,67.0,80.0,98.0,72.0,58.0,57.0,,,
92,73.0,49.0,56.0,49.0,80.0,78.0,,,
100,55.0,81.0,89.0,80.0,57.0,71.0,,,
36,80.0,91.0,41.0,74.0,71.0,67.0,,,
66,47.0,100.0,61.0,97.0,45.0,59.0,,,
85,113.0,41.0,45.0,70.0,48.0,97.0,,,
50,57.0,105.0,51.0,49.0,59.0,45.0,,,
28,29.0,54.0,117.0,48.0,56.0,55.0,,,
40,56.0,22.0,62.0,67.0,64.0,87.0,,,
71,27.0,42.0,74.0,47.0,67.0,70.0,,,
63,92.0,66.0,36.0,88.0,60.0,88.0,,,
73,74.0,74.0,61.0,62.0,74.0,62.0,,,
103,93.0,65.0,76.0,84.0,56.0,72.0,,,
46,30.0,96.0,94.0,54.0,71.0,60.0,,,
96,53.0,24.0,70.0,63.0,63.0,84.0,,,
48,101.0,38.0,67.0,76.0,73.0,48.0,,,
39,57.0,57.0,42.0,48.0,46.0,68.0,,,
40,32.0,26.0,72.0,77.0,84.0,80.0,,,
63,36.0,46.0,72.0,77.0,91.0,89.0,,,
84,38.0,41.0,61.0,83.0,74.0,71.0,,,
86,86.0,91.0,74.0,38.0,59.0,77.0,,,
80,65.0,31.0,54.0,86.0,72.0,45.0,,,
73,87.0,70.0,34.0,99.0,67.0,97.0,,,
107,54.0,35.0,76.0,85.0,50.0,71.0,,,
63,40.0,82.0,6.0,59.0,65.0,70.0,,,
111,33.0,72.0,51.0,48.0,91.0,63.0,,,
51,53.0,79.0,88.0,45.0,79.0,79.0,,,
39,81.0,83.0,43.0,67.0,63.0,58.0,,,
94,79.0,82.0,67.0,66.0,56.0,88.0,,,
63,91.0,83.0,73.0,60.0,87.0,66.0,,,
61,31.0,63.0,80.0,91.0,72.0,58.0,,,
93,37.0,35.0,62.0,91.0,85.0,87.0,,,
23,98.0,81.0,45.0,54.0,54.0,79.0,,,
46,88.0,73.0,65.0,76.0,52.0,66.0,,,
112,47.0,21.0,44.0,87.0,110.0,61.0,,,
85,52.0,27.0,53.0,56.0,93.0,76.0,,,
70,116.0,83.0,51.0,88.0,81.0,82.0,,,
90,93.0,89.0,73.0,69.0,67.0,35.0,,,
48,33.0,89.0,100.0,96.0,89.0,87.0,,,
95,24.0,104.0,67.0,66.0,53.0,105.0,,,
68,47.0,49.0,64.0,76.0,71.0,50.0,,,
61,102.0,73.0,87.0,92.0,50.0,66.0,,,
22,105.0,89.0,82.0,85.0,75.0,85.0,,,
92,62.0,48.0,91.0,75.0,119.0,75.0,,,
95,61.0,103.0,94.0,47.0,79.0,60.0,,,
73,78.0,38.0,67.0,65.0,127.0,56.0,,,
117,45.0,84.0,50.0,72.0,66.0,74.0,,,
77,69.0,90.0,56.0,80.0,89.0,60.0,,,
75,46.0,49.0,83.0,91.0,61.0,52.0,,,
74,81.0,66.0,55.0,52.0,79.0,87.0,,,
15,88.0,100.0,44.0,97.0,66.0,82.0,,,
72,38.0,62.0,51.0,68.0,87.0,72.0,,,
58,61.0,65.0,34.0,80.0,56.0,76.0,,,
36,56.0,35.0,83.0,54.0,48.0,63.0,,,
50,112.0,79.0,63.0,43.0,83.0,63.0,,,
21,89.0,97.0,37.0,70.0,94.0,115.0,,,
30,33.0,67.0,52.0,39.0,24.0,68.0,,,
57,28.0,24.0,56.0,107.0,62.0,86.0,,,
75,53.0,67.0,105.0,99.0,65.0,86.0,,,
28,114.0,56.0,40.0,84.0,91.0,76.0,,,
43,81.0,30.0,65.0,55.0,77.0,81.0,,,
102,74.0,56.0,79.0,68.0,50.0,47.0,,,
36,62.0,65.0,86.0,42.0,56.0,73.0,,,
19,21.0,94.0,61.0,79.0,79.0,61.0,,,
27,73.0,66.0,64.0,93.0,79.0,89.0,,,
82,34.0,74.0,79.0,92.0,70.0,29.0,,,
93,94.0,39.0,85.0,48.0,87.0,74.0,,,
100,66.0,88.0,76.0,69.0,80.0,80.0,,,
31,50.0,66.0,126.0,87.0,47.0,82.0,,,
122,44.0,30.0,93.0,60.0,78.0,62.0,,,
35,87.0,75.0,35.0,98.0,53.0,86.0,,,
25,81.0,26.0,88.0,86.0,76.0,90.0,,,
25,33.0,86.0,87.0,77.0,68.0,57.0,,,
75,77.0,90.0,100.0,72.0,105.0,72.0,,,
60,84.0,68.0,98.0,67.0,73.0,47.0,,,
57,40.0,62.0,81.0,51.0,69.0,76.0,,,
111,82.0,71.0,62.0,49.0,48.0,80.0,,,
85,57.0,76.0,34.0,51.0,88.0,86.0,,,
54,110.0,107.0,100.0,46.0,65.0,72.0,,,
62,63.0,82.0,76.0,59.0,68.0,69.0,,,
51,31.0,54.0,47.0,61.0,80.0,41.0,,,
91,108.0,74.0,92.0,49.0,74.0,40.0,,,
103,45.0,55.0,63.0,40.0,72.0,78.0,,,
58,40.0,72.0,60.0,68.0,69.0,75.0,,,
28,111.0,53.0,33.0,82.0,50.0,86.0,,,
86,109.0,98.0,56.0,40.0,71.0,62.0,,,
29,32.0,84.0,90.0,47.0,49.0,81.0,,,
29,35.0,95.0,59.0,97.0,89.0,75.0,,,
65,76.0,66.0,67.0,85.0,83.0,86.0,,,
48,107.0,106.0,77.0,50.0,45.0,85.0,,,
59,95.0,27.0,92.0,49.0,49.0,66.0,,,
56,31.0,70.0,40.0,56.0,76.0,69.0,,,
43,70.0,90.0,43.0,78.0,63.0,28.0,,,
121,89.0,43.0,74.0,41.0,60.0,66.0,,,
106,90.0,74.0,38.0,73.0,56.0,69.0,,,
18,59.0,41.0,41.0,56.0,79.0,75.0,,,
58,69.0,26.0,57.0,91.0,63.0,62.0,,,
66,72.0,37.0,89.0,49.0,79.0,70.0,,,
85,81.0,32.0,41.0,72.0,83.0,25.0,,,
55,50.0,103.0,37.0,98.0,37.0,80.0,,,
67,61.0,53.0,81.0,40.0,86.0,105.0,,,
76,60.0,104.0,88.0,82.0,92.0,82.0,,,
106,71.0,103.0,35.0,69.0,78.0,78.0,,,
58,70.0,75.0,57.0,73.0,51.0,71.0,,,
65,57.0,32.0,42.0,56.0,89.0,82.0,,,
47,34.0,80.0,54.0,47.0,93.0,63.0,,,
46,84.0,73.0,63.0,86.0,79.0,66.0,,,
86,29.0,26.0,82.0,81.0,58.0,43.0,,,
42,61.0,88.0,99.0,40.0,48.0,77.0,,,
104,62.0,58.0,51.0,71.0,54.0,64.0,,,
87,62.0,50.0,98.0,76.0,87.0,56.0,,,
29,50.0,34.0,27.0,89.0,75.0,62.0,,,
74,59.0,103.0,45.0,46.0,69.0,63.0,,,
35,39.0,76.0,78.0,61.0,66.0,73.0,,,
86,90.0,102.0,88.0,70.0,85.0,70.0,,,
93,109.0,92.0,27.0,65.0,66.0,79.0,,,
84,81.0,84.0,81.0,84.0,67.0,80.0,,,
73,20.0,75.0,66.0,40.0,92.0,83.0,,,
78,84.0,47.0,93.0,64.0,77.0,65.0,,,
46,77.0,82.0,61.0,93.0,58.0,83.0,,,
39,32.0,38.0,93.0,61.0,88.0,76.0,,,
24,77.0,90.0,90.0,61.0,60.0,80.0,,,
39,53.0,97.0,35.0,62.0,75.0,93.0,,,
26,97.0,83.0,78.0,75.0,84.0,87.0,,,
23,87.0,111.0,62.0,75.0,90.0,74.0,,,
67,56.0,89.0,96.0,83.0,54.0,73.0,,,
82,20.0,26.0,60.0,49.0,79.0,85.0,,,
65,86.0,69.0,38.0,47.0,35.0,83.0,,,
83,53.0,74.0,75.0,46.0,91.0,60.0,,,
66,74.0,39.0,81.0,84.0,67.0,69.0,,,
71,88.0,89.0,93.0,45.0,84.0,39.0,,,
49,76.0,86.0,54.0,64.0,56.0,60.0,,,
39,103.0,81.0,93.0,87.0,73.0,74.0,,,
92,70.0,78.0,84.0,99.0,51.0,80.0,,,
85,84.0,66.0,90.0,68.0,67.0,92.0,,,
59,84.0,29.0,53.0,67.0,75.0,83.0,,,
86,23.0,37.0,77.0,81.0,63.0,57.0,,,
100,47.0,19.0,79.0,56.0,61.0,60.0,,,
101,104.0,82.0,64.0,68.0,64.0,71.0,,,
60,55.0,38.0,63.0,61.0,51.0,61.0,,,
104,15.0,66.0,42.0,87.0,48.0,82.0,,,
84,101.0,62.0,58.0,62.0,55.0,78.0,,,
110,68.0,93.0,32.0,68.0,89.0,66.0,,,
38,108.0,98.0,61.0,61.0,46.0,60.0,,,
76,61.0,99.0,40.0,91.0,93.0,41.0,,,
103,80.0,69.0,101.0,56.0,90.0,69.0,,,
101,94.0,50.0,82.0,118.0,53.0,40.0,,,
97,106.0,53.0,28.0,66.0,93.0,84.0,,,
74,77.0,92.0,49.0,40.0,78.0,77.0,,,
59,62.0,68.0,100.0,82.0,68.0,85.0,,,
41,106.0,23.0,80.0,39.0,61.0,53.0,,,
28,102.0,105.0,58.0,79.0,64.0,65.0,,,
34,48.0,64.0,80.0,46.0,92.0,81.0,,,
58,98.0,98.0,77.0,66.0,86.0,32.0,,,
110,71.0,60.0,89.0,57.0,80.0,75.0,,,
28,53.0,101.0,97.0,44.0,78.0,84.0,,,
104,59.0,54.0,98.0,86.0,68.0,61.0,,,
108,68.0,110.0,28.0,67.0,87.0,87.0,,,
21,66.0,41.0,50.0,69.0,67.0,77.0,,,
65,59.0,38.0,69.0,91.0,77.0,87.0,,,
23,85.0,79.0,97.0,54.0,68.0,77.0,,,
58,104.0,68.0,43.0,50.0,75.0,81.0,,,
40,103.0,75.0,74.0,75.0,84.0,101.0,,,
96,58.0,89.0,45.0,57.0,72.0,88.0,,,
50,19.0,25.0,59.0,46.0,89.0,85.0,,,
52,53.0,78.0,72.0,92.0,61.0,78.0,,,
22,57.0,49.0,86.0,96.0,76.0,59.0,,,
115,38.0,32.0,61.0,95.0,68.0,73.0,,,
89,52.0,63.0,101.0,75.0,90.0,60.0,,,
89,96.0,55.0,91.0,43.0,73.0,76.0,,,
84,54.0,102.0,67.0,90.0,60.0,69.0,,,
55,38.0,30.0,70.0,54.0,73.0,76.0,,,
78,62.0,87.0,96.0,83.0,58.0,70.0,,,
65,64.0,48.0,67.0,44.0,67.0,78.0,,,
102,72.0,77.0,59.0,55.0,59.0,69.0,,,
58,52.0,78.0,30.0,59.0,82.0,50.0,,,
93,109.0,38.0,77.0,66.0,81.0,73.0,,,
103,69.0,44.0,90.0,44.0,67.0,69.0,,,
103,88.0,97.0,105.0,40.0,93.0,,,,
42,41.0,51.0,86.0,60.0,70.0,,,,
36,109.0,78.0,68.0,89.0,55.0,,,,
32,48.0,93.0,93.0,71.0,59.0,,,,
115,52.0,57.0,35.0,61.0,56.0,,,,
82,111.0,88.0,87.0,69.0,69.0,,,,
79,47.0,45.0,67.0,75.0,58.0,,,,
89,72.0,36.0,77.0,56.0,81.0,,,,
48,81.0,105.0,70.0,62.0,72.0,,,,
36,53.0,27.0,28.0,67.0,48.0,,,,
97,57.0,54.0,68.0,48.0,52.0,,,,
51,62.0,59.0,60.0,47.0,54.0,,,,
60,102.0,57.0,56.0,55.0,87.0,,,,
41,37.0,38.0,35.0,45.0,77.0,,,,
66,76.0,33.0,91.0,61.0,58.0,,,,
15,76.0,75.0,104.0,72.0,55.0,,,,
114,77.0,38.0,32.0,38.0,80.0,,,,
32,73.0,31.0,44.0,92.0,48.0,,,,
108,90.0,80.0,38.0,49.0,65.0,,,,
65,99.0,84.0,100.0,44.0,46.0,,,,
43,48.0,83.0,48.0,67.0,77.0,,,,
79,111.0,43.0,55.0,50.0,89.0,,,,
31,71.0,36.0,63.0,60.0,103.0,,,,
116,72.0,62.0,92.0,45.0,76.0,,,,
95,54.0,77.0,38.0,96.0,68.0,,,,
52,75.0,80.0,71.0,63.0,32.0,,,,
106,92.0,34.0,87.0,74.0,55.0,,,,
84,92.0,33.0,63.0,57.0,69.0,,,,
79,75.0,39.0,98.0,67.0,87.0,,,,
22,33.0,98.0,49.0,72.0,91.0,,,,
55,67.0,105.0,86.0,52.0,55.0,,,,
83,40.0,94.0,42.0,88.0,65.0,,,,
41,64.0,29.0,39.0,54.0,85.0,,,,
93,65.0,32.0,98.0,63.0,73.0,,,,
84,54.0,88.0,30.0,63.0,89.0,,,,
81,72.0,89.0,60.0,73.0,69.0,,,,
46,54.0,96.0,85.0,99.0,50.0,,,,
19,74.0,97.0,52.0,79.0,66.0,,,,
54,71.0,32.0,102.0,83.0,89.0,,,,
89,88.0,65.0,93.0,50.0,66.0,,,,
81,52.0,101.0,69.0,49.0,83.0,,,,
57,29.0,99.0,49.0,72.0,53.0,,,,
57,100.0,95.0,62.0,55.0,44.0,,,,
56,22.0,102.0,67.0,77.0,87.0,,,,
55,44.0,47.0,52.0,57.0,80.0,,,,
73,74.0,76.0,50.0,69.0,72.0,,,,
65,67.0,83.0,65.0,58.0,54.0,,,,
108,25.0,85.0,84.0,77.0,80.0,,,,
39,28.0,71.0,90.0,100.0,72.0,,,,
79,27.0,76.0,59.0,62.0,92.0,,,,
113,47.0,94.0,35.0,61.0,84.0,,,,
98,67.0,47.0,45.0,83.0,84.0,,,,
49,51.0,56.0,40.0,71.0,88.0,,,,
61,46.0,31.0,79.0,72.0,69.0,,,,
29,61.0,104.0,73.0,65.0,75.0,,,,
17,73.0,90.0,59.0,78.0,83.0,,,,
77,88.0,63.0,34.0,96.0,43.0,,,,
55,71.0,50.0,80.0,77.0,47.0,,,,
50,85.0,109.0,65.0,43.0,85.0,,,,
95,15.0,27.0,65.0,76.0,67.0,,,,
23,64.0,99.0,69.0,78.0,89.0,,,,
18,109.0,69.0,76.0,60.0,90.0,,,,
114,108.0,38.0,101.0,48.0,47.0,,,,
92,88.0,56.0,41.0,81.0,79.0,,,,
78,84.0,32.0,36.0,95.0,75.0,,,,
108,100.0,50.0,81.0,52.0,49.0,,,,
74,38.0,63.0,65.0,79.0,79.0,,,,
83,69.0,96.0,86.0,83.0,53.0,,,,
47,57.0,61.0,64.0,90.0,79.0,,,,
41,94.0,45.0,80.0,64.0,80.0,,,,
105,47.0,69.0,86.0,67.0,62.0,,,,
64,114.0,103.0,31.0,68.0,93.0,,,,
16,17.0,101.0,67.0,77.0,74.0,,,,
103,90.0,100.0,36.0,62.0,79.0,,,,
46,28.0,70.0,101.0,42.0,70.0,,,,
55,83.0,84.0,44.0,54.0,84.0,,,,
52,62.0,91.0,73.0,66.0,73.0,,,,
85,60.0,59.0,70.0,42.0,70.0,,,,
52,55.0,37.0,70.0,61.0,93.0,,,,
75,40.0,98.0,59.0,87.0,58.0,,,,
61,84.0,48.0,53.0,82.0,56.0,,,,
65,51.0,64.0,88.0,75.0,81.0,,,,
105,65.0,98.0,70.0,48.0,79.0,,,,
64,43.0,32.0,71.0,94.0,86.0,,,,
102,80.0,71.0,49.0,85.0,80.0,,,,
18,77.0,66.0,59.0,87.0,76.0,,,,
48,64.0,40.0,64.0,64.0,64.0,,,,
91,92.0,47.0,94.0,71.0,90.0,,,,
76,60.0,48.0,42.0,40.0,70.0,,,,
50,63.0,30.0,95.0,52.0,76.0,,,,
57,94.0,80.0,86.0,44.0,78.0,,,,
117,105.0,94.0,74.0,104.0,66.0,,,,
22,112.0,110.0,43.0,41.0,87.0,,,,
33,92.0,47.0,94.0,56.0,32.0,,,,
68,57.0,80.0,69.0,45.0,66.0,,,,
48,37.0,24.0,49.0,66.0,66.0,,,,
118,55.0,59.0,64.0,86.0,62.0,,,,
103,77.0,53.0,53.0,45.0,70.0,,,,
23,49.0,60.0,41.0,80.0,86.0,,,,
85,60.0,92.0,87.0,96.0,81.0,,,,
75,34.0,43.0,79.0,98.0,71.0,,,,
39,65.0,46.0,84.0,74.0,73.0,,,,
31,62.0,36.0,46.0,50.0,105.0,,,,
93,107.0,61.0,99.0,92.0,80.0,,,,
68,99.0,48.0,61.0,67.0,68.0,,,,
83,83.0,92.0,67.0,74.0,81.0,,,,
103,87.0,108.0,57.0,60.0,60.0,,,,
84,38.0,102.0,85.0,61.0,74.0,,,,
19,105.0,51.0,95.0,42.0,91.0,,,,
49,99.0,84.0,53.0,58.0,67.0,,,,
84,106.0,89.0,69.0,46.0,64.0,,,,
87,63.0,79.0,44.0,54.0,69.0,,,,
49,63.0,96.0,59.0,78.0,85.0,,,,
104,102.0,99.0,31.0,66.0,48.0,,,,
115,77.0,39.0,45.0,62.0,53.0,,,,
32,89.0,84.0,103.0,99.0,75.0,,,,
44,21.0,111.0,67.0,55.0,53.0,,,,
72,81.0,71.0,59.0,77.0,54.0,,,,
98,84.0,63.0,35.0,91.0,81.0,,,,
28,33.0,86.0,57.0,50.0,82.0,,,,
78,87.0,95.0,94.0,105.0,43.0,,,,
29,53.0,82.0,102.0,81.0,91.0,,,,
28,87.0,50.0,49.0,73.0,89.0,,,,
67,90.0,104.0,87.0,89.0,55.0,,,,
58,103.0,57.0,74.0,62.0,77.0,,,,
30,114.0,77.0,90.0,74.0,79.0,,,,
54,18.0,25.0,68.0,68.0,54.0,,,,
48,105.0,55.0,59.0,69.0,64.0,,,,
81,63.0,62.0,70.0,83.0,62.0,,,,
43,76.0,59.0,53.0,84.0,75.0,,,,
69,62.0,35.0,59.0,71.0,67.0,,,,
60,69.0,70.0,46.0,86.0,73.0,,,,
36,85.0,33.0,94.0,62.0,93.0,,,,
78,80.0,81.0,59.0,50.0,62.0,,,,
42,93.0,59.0,30.0,59.0,76.0,,,,
75,31.0,84.0,30.0,72.0,90.0,,,,
51,67.0,58.0,48.0,84.0,47.0,,,,
104,72.0,65.0,22.0,91.0,92.0,,,,
99,48.0,91.0,51.0,41.0,73.0,,,,
88,107.0,57.0,39.0,41.0,77.0,,,,
98,107.0,49.0,54.0,90.0,92.0,,,,
24,84.0,87.0,41.0,42.0,54.0,,,,
50,99.0,98.0,79.0,47.0,75.0,,,,
63,99.0,97.0,80.0,72.0,62.0,,,,
108,84.0,74.0,69.0,61.0,61.0,,,,
48,58.0,38.0,99.0,83.0,92.0,,,,
85,90.0,82.0,97.0,46.0,86.0,,,,
111,72.0,62.0,81.0,66.0,86.0,,,,
49,63.0,64.0,45.0,78.0,89.0,,,,
60,40.0,89.0,77.0,73.0,89.0,,,,
76,70.0,79.0,52.0,82.0,87.0,,,,
40,56.0,68.0,47.0,85.0,85.0,,,,
29,96.0,76.0,78.0,43.0,66.0,,,,
40,26.0,45.0,34.0,88.0,89.0,,,,
59,65.0,60.0,60.0,85.0,76.0,,,,
91,95.0,60.0,93.0,71.0,54.0,,,,
87,28.0,64.0,70.0,55.0,87.0,,,,
73,66.0,79.0,70.0,112.0,91.0,,,,
46,67.0,66.0,96.0,46.0,69.0,,,,
92,99.0,63.0,64.0,36.0,90.0,,,,
54,33.0,78.0,93.0,42.0,78.0,,,,
37,40.0,71.0,65.0,61.0,72.0,,,,
93,59.0,55.0,51.0,74.0,91.0,,,,
99,44.0,105.0,45.0,82.0,88.0,,,,
89,67.0,62.0,81.0,60.0,55.0,,,,
67,74.0,83.0,101.0,80.0,44.0,,,,
74,56.0,99.0,37.0,45.0,111.0,,,,
61,110.0,75.0,60.0,87.0,92.0,,,,
57,69.0,61.0,78.0,34.0,79.0,,,,
116,97.0,83.0,59.0,86.0,82.0,,,,
20,67.0,77.0,67.0,73.0,85.0,,,,
77,83.0,87.0,85.0,71.0,67.0,,,,
85,66.0,97.0,74.0,71.0,86.0,,,,
81,47.0,76.0,65.0,66.0,86.0,,,,
83,63.0,86.0,32.0,87.0,74.0,,,,
44,78.0,61.0,36.0,59.0,93.0,,,,
76,61.0,101.0,39.0,68.0,72.0,,,,
65,66.0,77.0,104.0,60.0,78.0,,,,
43,74.0,40.0,90.0,64.0,81.0,,,,
67,93.0,113.0,87.0,78.0,74.0,,,,
41,58.0,76.0,102.0,65.0,82.0,,,,
34,53.0,47.0,72.0,85.0,86.0,,,,
32,66.0,52.0,60.0,61.0,76.0,,,,
68,116.0,76.0,56.0,74.0,82.0,,,,
103,20.0,60.0,56.0,56.0,82.0,,,,
50,20.0,30.0,43.0,78.0,59.0,,,,
95,45.0,107.0,83.0,65.0,78.0,,,,
44,49.0,60.0,42.0,43.0,84.0,,,,
36,44.0,64.0,92.0,89.0,74.0,,,,
23,107.0,37.0,48.0,53.0,87.0,,,,
78,109.0,89.0,60.0,90.0,56.0,,,,
78,63.0,89.0,94.0,70.0,58.0,,,,
72,113.0,104.0,29.0,38.0,42.0,,,,
109,46.0,112.0,104.0,45.0,45.0,,,,
61,41.0,56.0,55.0,93.0,83.0,,,,
85,105.0,97.0,76.0,67.0,84.0,,,,
52,53.0,51.0,82.0,58.0,50.0,,,,
58,23.0,46.0,100.0,71.0,74.0,,,,
29,31.0,47.0,44.0,13.0,81.0,,,,
64,61.0,81.0,54.0,73.0,84.0,,,,
44,44.0,93.0,25.0,64.0,81.0,,,,
53,45.0,64.0,50.0,102.0,18.0,,,,
70,22.0,43.0,72.0,73.0,88.0,,,,
23,87.0,82.0,97.0,57.0,72.0,,,,
35,47.0,29.0,45.0,77.0,78.0,,,,
42,61.0,103.0,61.0,69.0,88.0,,,,
44,113.0,80.0,72.0,66.0,70.0,,,,
22,78.0,80.0,103.0,55.0,51.0,,,,
17,118.0,21.0,49.0,39.0,50.0,,,,
45,35.0,44.0,47.0,46.0,82.0,,,,
87,35.0,76.0,83.0,50.0,68.0,,,,
64,64.0,46.0,95.0,69.0,64.0,,,,
73,48.0,24.0,56.0,98.0,64.0,,,,
105,49.0,79.0,79.0,87.0,76.0,,,,
104,104.0,49.0,50.0,55.0,82.0,,,,
72,101.0,54.0,98.0,43.0,86.0,,,,
108,61.0,41.0,67.0,69.0,84.0,,,,
77,81.0,89.0,56.0,74.0,104.0,,,,
106,96.0,55.0,53.0,39.0,82.0,,,,
35,102.0,82.0,43.0,44.0,65.0,,,,
110,32.0,58.0,82.0,55.0,62.0,,,,
118,96.0,28.0,98.0,50.0,64.0,,,,
38,60.0,52.0,55.0,52.0,62.0,,,,
27,46.0,38.0,89.0,52.0,17.0,,,,
110,43.0,90.0,71.0,72.0,42.0,,,,
84,83.0,98.0,92.0,93.0,72.0,,,,
121,60.0,78.0,52.0,63.0,69.0,,,,
46,76.0,76.0,66.0,70.0,84.0,,,,
48,27.0,67.0,78.0,68.0,56.0,,,,
19,62.0,53.0,95.0,56.0,62.0,,,,
68,67.0,23.0,28.0,86.0,71.0,,,,
60,75.0,111.0,99.0,60.0,80.0,,,,
73,63.0,76.0,62.0,86.0,,,,,
21,103.0,106.0,98.0,43.0,,,,,
104,16.0,51.0,32.0,44.0,,,,,
27,75.0,85.0,89.0,69.0,,,,,
40,73.0,75.0,66.0,72.0,,,,,
44,65.0,63.0,68.0,45.0,,,,,
15,71.0,50.0,98.0,54.0,,,,,
69,82.0,63.0,70.0,50.0,,,,,
33,61.0,23.0,61.0,92.0,,,,,
27,105.0,69.0,80.0,74.0,,,,,
72,108.0,58.0,69.0,94.0,,,,,
110,31.0,99.0,53.0,59.0,,,,,
78,62.0,69.0,92.0,79.0,,,,,
71,42.0,78.0,41.0,88.0,,,,,
97,91.0,43.0,71.0,41.0,,,,,
43,58.0,49.0,73.0,47.0,,,,,
21,103.0,44.0,40.0,98.0,,,,,
109,59.0,54.0,92.0,86.0,,,,,
70,65.0,90.0,52.0,88.0,,,,,
39,56.0,65.0,69.0,37.0,,,,,
41,104.0,81.0,97.0,40.0,,,,,
42,39.0,41.0,93.0,58.0,,,,,
71,44.0,79.0,81.0,41.0,,,,,
50,102.0,77.0,41.0,36.0,,,,,
54,67.0,41.0,76.0,38.0,,,,,
25,32.0,67.0,72.0,81.0,,,,,
30,61.0,78.0,78.0,84.0,,,,,
118,53.0,39.0,72.0,91.0,,,,,
84,25.0,103.0,66.0,68.0,,,,,
78,78.0,84.0,73.0,43.0,,,,,
54,34.0,28.0,66.0,58.0,,,,,
106,15.0,46.0,29.0,45.0,,,,,
17,65.0,90.0,47.0,79.0,,,,,
23,65.0,93.0,55.0,39.0,,,,,
52,85.0,28.0,36.0,70.0,,,,,
89,50.0,75.0,63.0,75.0,,,,,
87,54.0,102.0,46.0,49.0,,,,,
54,65.0,80.0,73.0,66.0,,,,,
44,82.0,97.0,67.0,71.0,,,,,
82,68.0,67.0,66.0,94.0,,,,,
98,54.0,53.0,56.0,68.0,,,,,
65,62.0,46.0,61.0,61.0,,,,,
37,113.0,86.0,53.0,65.0,,,,,
98,36.0,80.0,45.0,49.0,,,,,
72,95.0,88.0,77.0,49.0,,,,,
70,105.0,56.0,49.0,55.0,,,,,
113,90.0,62.0,84.0,61.0,,,,,
109,99.0,98.0,85.0,55.0,,,,,
59,115.0,32.0,66.0,69.0,,,,,
91,32.0,45.0,50.0,79.0,,,,,
109,100.0,51.0,96.0,88.0,,,,,
93,71.0,67.0,85.0,54.0,,,,,
82,107.0,89.0,105.0,55.0,,,,,
101,96.0,73.0,78.0,86.0,,,,,
50,72.0,88.0,70.0,70.0,,,,,
41,95.0,42.0,67.0,69.0,,,,,
52,69.0,65.0,38.0,70.0,,,,,
87,68.0,55.0,78.0,53.0,,,,,
44,85.0,66.0,82.0,38.0,,,,,
17,91.0,71.0,50.0,41.0,,,,,
97,31.0,31.0,39.0,86.0,,,,,
20,88.0,53.0,50.0,64.0,,,,,
118,91.0,76.0,31.0,78.0,,,,,
10,51.0,87.0,48.0,71.0,,,,,
84,24.0,41.0,100.0,73.0,,,,,
63,99.0,72.0,102.0,97.0,,,,,
112,37.0,35.0,126.0,92.0,,,,,
72,94.0,81.0,41.0,47.0,,,,,
87,81.0,80.0,32.0,66.0,,,,,
99,25.0,92.0,97.0,71.0,,,,,
59,35.0,109.0,42.0,85.0,,,,,
83,94.0,70.0,75.0,38.0,,,,,
72,89.0,39.0,43.0,57.0,,,,,
74,69.0,78.0,50.0,54.0,,,,,
63,105.0,48.0,62.0,93.0,,,,,
68,53.0,89.0,53.0,91.0,,,,,
75,20.0,60.0,64.0,85.0,,,,,
84,36.0,50.0,41.0,49.0,,,,,
51,42.0,37.0,51.0,67.0,,,,,
106,80.0,92.0,68.0,91.0,,,,,
94,112.0,69.0,84.0,73.0,,,,,
81,31.0,42.0,63.0,36.0,,,,,
38,47.0,105.0,42.0,57.0,,,,,
106,45.0,69.0,77.0,66.0,,,,,
99,16.0,39.0,78.0,77.0,,,,,
41,72.0,28.0,68.0,33.0,,,,,
50,40.0,63.0,51.0,52.0,,,,,
26,108.0,100.0,73.0,78.0,,,,,
59,93.0,82.0,56.0,74.0,,,,,
122,58.0,66.0,87.0,53.0,,,,,
55,60.0,57.0,44.0,52.0,,,,,
110,66.0,91.0,101.0,41.0,,,,,
58,89.0,55.0,99.0,55.0,,,,,
46,81.0,35.0,75.0,56.0,,,,,
67,26.0,96.0,37.0,100.0,,,,,
118,75.0,83.0,75.0,75.0,,,,,
39,58.0,87.0,32.0,54.0,,,,,
55,19.0,68.0,105.0,73.0,,,,,
58,37.0,90.0,59.0,87.0,,,,,
81,19.0,51.0,67.0,75.0,,,,,
21,115.0,47.0,83.0,63.0,,,,,
32,87.0,102.0,89.0,70.0,,,,,
22,96.0,58.0,40.0,73.0,,,,,
82,76.0,64.0,35.0,40.0,,,,,
90,109.0,46.0,58.0,45.0,,,,,
21,62.0,104.0,56.0,61.0,,,,,
44,30.0,98.0,87.0,68.0,,,,,
37,78.0,41.0,92.0,49.0,,,,,
31,35.0,50.0,48.0,98.0,,,,,
54,75.0,46.0,59.0,80.0,,,,,
55,107.0,68.0,71.0,53.0,,,,,
54,59.0,67.0,105.0,93.0,,,,,
28,100.0,80.0,65.0,55.0,,,,,
62,56.0,93.0,37.0,84.0,,,,,
53,104.0,71.0,98.0,20.0,,,,,
79,55.0,50.0,78.0,,,,,,
111,61.0,25.0,82.0,,,,,,
73,22.0,68.0,28.0,,,,,,
106,94.0,79.0,95.0,,,,,,
16,62.0,75.0,76.0,,,,,,
100,81.0,51.0,41.0,,,,,,
63,116.0,35.0,91.0,,,,,,
58,80.0,64.0,63.0,,,,,,
33,62.0,63.0,88.0,,,,,,
104,80.0,104.0,38.0,,,,,,
27,108.0,73.0,55.0,,,,,,
100,79.0,81.0,73.0,,,,,,
38,37.0,107.0,72.0,,,,,,
26,81.0,80.0,,,,,,,
84,53.0,74.0,,,,,,,
68,90.0,88.0,,,,,,,
108,58.0,56.0,,,,,,,
96,55.0,97.0,,,,,,,
24,67.0,33.0,,,,,,,
15,15.0,88.0,,,,,,,
73,60.0,91.0,,,,,,,
28,66.0,91.0,,,,,,,
47,53.0,45.0,,,,,,,
85,39.0,56.0,,,,,,,
62,46.0,72.0,,,,,,,
54,76.0,41.0,,,,,,,
107,75.0,68.0,,,,,,,
40,106.0,104.0,,,,,,,
49,69.0,36.0,,,,,,,
98,55.0,70.0,,,,,,,
18,103.0,42.0,,,,,,,
66,90.0,102.0,,,,,,,
46,45.0,96.0,,,,,,,
76,40.0,96.0,,,,,,,
110,56.0,37.0,,,,,,,
90,51.0,58.0,,,,,,,
80,63.0,61.0,,,,,,,
22,41.0,35.0,,,,,,,
39,41.0,50.0,,,,,,,
67,76.0,78.0,,,,,,,
91,29.0,68.0,,,,,,,
113,109.0,50.0,,,,,,,
30,73.0,64.0,,,,,,,
64,22.0,92.0,,,,,,,
107,73.0,53.0,,,,,,,
112,58.0,81.0,,,,,,,
105,43.0,95.0,,,,,,,
14,83.0,61.0,,,,,,,
70,33.0,85.0,,,,,,,
33,93.0,39.0,,,,,,,
25,96.0,90.0,,,,,,,
78,95.0,81.0,,,,,,,
65,59.0,95.0,,,,,,,
107,25.0,71.0,,,,,,,
70,71.0,54.0,,,,,,,
71,97.0,40.0,,,,,,,
46,105.0,96.0,,,,,,,
55,74.0,100.0,,,,,,,
38,82.0,62.0,,,,,,,
34,77.0,40.0,,,,,,,
98,74.0,69.0,,,,,,,
27,89.0,78.0,,,,,,,
56,28.0,50.0,,,,,,,
64,98.0,106.0,,,,,,,
22,37.0,55.0,,,,,,,
70,48.0,39.0,,,,,,,
120,67.0,,,,,,,,
15,76.0,,,,,,,,
51,68.0,,,,,,,,
27,59.0,,,,,,,,
90,87.0,,,,,,,,
40,110.0,,,,,,,,
75,38.0,,,,,,,,
98,49.0,,,,,,,,
29,63.0,,,,,,,,
102,24.0,,,,,,,,
101,66.0,,,,,,,,
59,58.0,,,,,,,,
102,106.0,,,,,,,,
58,49.0,,,,,,,,
74,56.0,,,,,,,,
84,27.0,,,,,,,,
55,39.0,,,,,,,,
36,111.0,,,,,,,,
54,96.0,,,,,,,,
64,36.0,,,,,,,,
110,64.0,,,,,,,,
51,25.0,,,,,,,,
88,64.0,,,,,,,,
120,96.0,,,,,,,,
62,57.0,,,,,,,,
32,59.0,,,,,,,,
107,113.0,,,,,,,,
57,36.0,,,,,,,,
56,109.0,,,,,,,,
15,21.0,,,,,,,,
42,117.0,,,,,,,,
85,76.0,,,,,,,,
26,59.0,,,,,,,,
62,76.0,,,,,,,,
40,111.0,,,,,,,,
39,78.0,,,,,,,,
104,106.0,,,,,,,,
111,80.0,,,,,,,,
82,73.0,,,,,,,,
56,52.0,,,,,,,,
26,37.0,,,,,,,,
102,60.0,,,,,,,,
67,32.0,,,,,,,,
85,97.0,,,,,,,,
79,95.0,,,,,,,,
107,61.0,,,,,,,,
83,103.0,,,,,,,,
45,55.0,,,,,,,,
69,80.0,,,,,,,,
71,68.0,,,,,,,,
46,27.0,,,,,,,,
79,31.0,,,,,,,,
83,43.0,,,,,,,,
88,76.0,,,,,,,,
42,28.0,,,,,,,,
55,32.0,,,,,,,,
36,75.0,,,,,,,,
113,64.0,,,,,,,,
47,81.0,,,,,,,,
88,82.0,,,,,,,,
74,67.0,,,,,,,,
78,41.0,,,,,,,,
32,106.0,,,,,,,,
30,93.0,,,,,,,,
66,89.0,,,,,,,,
74,45.0,,,,,,,,
71,100.0,,,,,,,,
65,36.0,,,,,,,,
26,25.0,,,,,,,,
27,69.0,,,,,,,,
64,27.0,,,,,,,,
51,54.0,,,,,,,,
27,19.0,,,,,,,,
86,39.0,,,,,,,,
87,49.0,,,,,,,,
107,34.0,,,,,,,,
63,69.0,,,,,,,,
100,51.0,,,,,,,,
33,29.0,,,,,,,,
40,62.0,,,,,,,,
45,21.0,,,,,,,,
25,81.0,,,,,,,,
36,54.0,,,,,,,,
92,71.0,,,,,,,,
39,99.0,,,,,,,,
91,44.0,,,,,,,,
121,54.0,,,,,,,,
78,76.0,,,,,,,,
40,28.0,,,,,,,,
24,48.0,,,,,,,,
61,79.0,,,,,,,,
38,72.0,,,,,,,,
73,88.0,,,,,,,,
18,66.0,,,,,,,,
76,45.0,,,,,,,,
101,58.0,,,,,,,,
57,79.0,,,,,,,,
16,61.0,,,,,,,,
70,108.0,,,,,,,,
105,61.0,,,,,,,,
15,76.0,,,,,,,,
17,27.0,,,,,,,,
69,58.0,,,,,,,,
82,68.0,,,,,,,,
40,87.0,,,,,,,,
86,56.0,,,,,,,,
55,60.0,,,,,,,,
25,54.0,,,,,,,,
65,54.0,,,,,,,,
19,102.0,,,,,,,,
29,94.0,,,,,,,,
26,28.0,,,,,,,,
95,61.0,,,,,,,,
19,103.0,,,,,,,,
65,32.0,,,,,,,,
79,64.0,,,,,,,,
104,79.0,,,,,,,,
22,48.0,,,,,,,,
111,42.0,,,,,,,,
73,86.0,,,,,,,,
92,36.0,,,,,,,,
38,54.0,,,,,,,,
38,95.0,,,,,,,,
111,77.0,,,,,,,,
51,62.0,,,,,,,,
107,88.0,,,,,,,,
22,66.0,,,,,,,,
34,101.0,,,,,,,,
30,63.0,,,,,,,,
107,99.0,,,,,,,,
112,36.0,,,,,,,,
84,62.0,,,,,,,,
113,70.0,,,,,,,,
95,63.0,,,,,,,,
63,57.0,,,,,,,,
106,46.0,,,,,,,,
60,81.0,,,,,,,,
45,33.0,,,,,,,,
99,28.0,,,,,,,,
32,59.0,,,,,,,,
72,96.0,,,,,,,,
21,30.0,,,,,,,,
58,77.0,,,,,,,,
118,93.0,,,,,,,,
89,66.0,,,,,,,,
73,81.0,,,,,,,,
94,64.0,,,,,,,,
16,45.0,,,,,,,,
80,113.0,,,,,,,,
67,84.0,,,,,,,,
24,28.0,,,,,,,,
58,67.0,,,,,,,,
94,58.0,,,,,,,,
80,60.0,,,,,,,,
57,39.0,,,,,,,,
25,54.0,,,,,,,,
37,109.0,,,,,,,,
83,53.0,,,,,,,,
102,77.0,,,,,,,,
43,28.0,,,,,,,,
15,65.0,,,,,,,,
31,102.0,,,,,,,,
72,84.0,,,,,,,,
32,96.0,,,,,,,,
93,24.0,,,,,,,,
47,,,,,,,,,
83,,,,,,,,,
107,,,,,,,,,
105,,,,,,,,,
49,,,,,,,,,
48,,,,,,,,,
35,,,,,,,,,
87,,,,,,,,,
41,,,,,,,,,
64,,,,,,,,,
110,,,,,,,,,
35,,,,,,,,,
24,,,,,,,,,
92,,,,,,,,,
120,,,,,,,,,
84,,,,,,,,,
58,,,,,,,,,
23,,,,,,,,,
32,,,,,,,,,
66,,,,,,,,,
43,,,,,,,,,
90,,,,,,,,,
59,,,,,,,,,
69,,,,,,,,,
97,,,,,,,,,
73,,,,,,,,,
90,,,,,,,,,
80,,,,,,,,,
57,,,,,,,,,
65,,,,,,,,,
60,,,,,,,,,
66,,,,,,,,,
63,,,,,,,,,
24,,,,,,,,,
44,,,,,,,,,
33,,,,,,,,,
36,,,,,,,,,
85,,,,,,,,,
114,,,,,,,,,
62,,,,,,,,,
60,,,,,,,,,
86,,,,,,,,,
59,,,,,,,,,
91,,,,,,,,,
47,,,,,,,,,
71,,,,,,,,,
113,,,,,,,,,
111,,,,,,,,,
94,,,,,,,,,
49,,,,,,,,,
15,,,,,,,,,
58,,,,,,,,,
27,,,,,,,,,
54,,,,,,,,,
87,,,,,,,,,
84,,,,,,,,,
94,,,,,,,,,
29,,,,,,,,,
108,,,,,,,,,
12,,,,,,,,,
60,,,,,,,,,
64,,,,,,,,,
59,,,,,,,,,
73,,,,,,,,,
24,,,,,,,,,
105,,,,,,,,,
90,,,,,,,,,
46,,,,,,,,,
61,,,,,,,,,
85,,,,,,,,,
101,,,,,,,,,
76,,,,,,,,,
76,,,,,,,,,
81,,,,,,,,,
86,,,,,,,,,
45,,,,,,,,,
103,,,,,,,,,
72,,,,,,,,,
52,,,,,,,,,
43,,,,,,,,,
26,,,,,,,,,
19,,,,,,,,,
79,,,,,,,,,
107,,,,,,,,,
88,,,,,,,,,
21,,,,,,,,,
96,,,,,,,,,
20,,,,,,,,,
83,,,,,,,,,
76,,,,,,,,,
51,,,,,,,,,
73,,,,,,,,,
49,,,,,,,,,
109,,,,,,,,,
56,,,,,,,,,
49,,,,,,,,,
101,,,,,,,,,
34,,,,,,,,,
49,,,,,,,,,
23,,,,,,,,,
85,,,,,,,,,
99,,,,,,,,,
27,,,,,,,,,
47,,,,,,,,,
114,,,,,,,,,
66,,,,,,,,,
108,,,,,,,,,
114,,,,,,,,,
18,,,,,,,,,
92,,,,,,,,,
104,,,,,,,,,
56,,,,,,,,,
83,,,,,,,,,
35,,,,,,,,,
110,,,,,,,,,
86,,,,,,,,,
37,,,,,,,,,
43,,,,,,,,,
45,,,,,,,,,
120,,,,,,,,,
61,,,,,,,,,
81,,,,,,,,,
86,,,,,,,,,
65,,,,,,,,,
32,,,,,,,,,
38,,,,,,,,,
40,,,,,,,,,
66,,,,,,,,,
51,,,,,,,,,
66,,,,,,,,,
102,,,,,,,,,
61,,,,,,,,,
68,,,,,,,,,
83,,,,,,,,,
22,,,,,,,,,
65,,,,,,,,,
114,,,,,,,,,
90,,,,,,,,,
101,,,,,,,,,
44,,,,,,,,,
44,,,,,,,,,
89,,,,,,,,,
116,,,,,,,,,
95,,,,,,,,,
93,,,,,,,,,
40,,,,,,,,,
94,,,,,,,,,
83,,,,,,,,,
82,,,,,,,,,
46,,,,,,,,,
89,,,,,,,,,
12,,,,,,,,,
46,,,,,,,,,
109,,,,,,,,,
51,,,,,,,,,
34,,,,,,,,,
105,,,,,,,,,
55,,,,,,,,,
38,,,,,,,,,
93,,,,,,,,,
98,,,,,,,,,
83,,,,,,,,,
30,,,,,,,,,
29,,,,,,,,,
33,,,,,,,,,
118,,,,,,,,,
112,,,,,,,,,
24,,,,,,,,,
67,,,,,,,,,
91,,,,,,,,,
72,,,,,,,,,
47,,,,,,,,,
71,,,,,,,,,
55,,,,,,,,,
56,,,,,,,,,
120,,,,,,,,,
91,,,,,,,,,
111,,,,,,,,,
67,,,,,,,,,
80,,,,,,,,,
55,,,,,,,,,
97,,,,,,,,,
93,,,,,,,,,
86,,,,,,,,,
45,,,,,,,,,
70,,,,,,,,,
90,,,,,,,,,
76,,,,,,,,,
42,,,,,,,,,
102,,,,,,,,,
32,,,,,,,,,
83,,,,,,,,,
100,,,,,,,,,
87,,,,,,,,,
33,,,,,,,,,
42,,,,,,,,,
78,,,,,,,,,
21,,,,,,,,,
68,,,,,,,,,
89,,,,,,,,,
33,,,,,,,,,
52,,,,,,,,,
92,,,,,,,,,
90,,,,,,,,,
57,,,,,,,,,
22,,,,,,,,,
28,,,,,,,,,
35,,,,,,,,,
37,,,,,,,,,
48,,,,,,,,,
92,,,,,,,,,
87,,,,,,,,,
107,,,,,,,,,
108,,,,,,,,,
51,,,,,,,,,
16,,,,,,,,,
66,,,,,,,,,
16,,,,,,,,,
28,,,,,,,,,
73,,,,,,,,,
112,,,,,,,,,
52,,,,,,,,,
28,,,,,,,,,
102,,,,,,,,,
107,,,,,,,,,
37,,,,,,,,,
116,,,,,,,,,
34,,,,,,,,,
92,,,,,,,,,
58,,,,,,,,,
82,,,,,,,,,
47,,,,,,,,,
72,,,,,,,,,
63,,,,,,,,,
66,,,,,,,,,
25,,,,,,,,,
58,,,,,,,,,
22,,,,,,,,,
15,,,,,,,,,
40,,,,,,,,,
58,,,,,,,,,
112,,,,,,,,,
45,,,,,,,,,
63,,,,,,,,,
23,,,,,,,,,
111,,,,,,,,,
86,,,,,,,,,
81,,,,,,,,,
16,,,,,,,,,
61,,,,,,,,,
64,,,,,,,,,
26,,,,,,,,,
95,,,,,,,,,
58,,,,,,,,,
110,,,,,,,,,
96,,,,,,,,,
92,,,,,,,,,
116,,,,,,,,,
61,,,,,,,,,
101,,,,,,,,,
25,,,,,,,,,
88,,,,,,,,,
102,,,,,,,,,
51,,,,,,,,,
115,,,,,,,,,
33,,,,,,,,,
47,,,,,,,,,
82,,,,,,,,,
65,,,,,,,,,
90,,,,,,,,,
67,,,,,,,,,
68,,,,,,,,,
60,,,,,,,,,
91,,,,,,,,,
73,,,,,,,,,
104,,,,,,,,,
91,,,,,,,,,
112,,,,,,,,,
35,,,,,,,,,
108,,,,,,,,,
47,,,,,,,,,
75,,,,,,,,,
112,,,,,,,,,
57,,,,,,,,,
68,,,,,,,,,
89,,,,,,,,,
83,,,,,,,,,
105,,,,,,,,,
79,,,,,,,,,
104,,,,,,,,,
79,,,,,,,,,
73,,,,,,,,,
63,,,,,,,,,
86,,,,,,,,,
16,,,,,,,,,
94,,,,,,,,,
34,,,,,,,,,
74,,,,,,,,,
113,,,,,,,,,
68,,,,,,,,,
76,,,,,,,,,
93,,,,,,,,,
93,,,,,,,,,
77,,,,,,,,,
17,,,,,,,,,
81,,,,,,,,,
107,,,,,,,,,
29,,,,,,,,,
103,,,,,,,,,
105,,,,,,,,,
75,,,,,,,,,
60,,,,,,,,,
75,,,,,,,,,
60,,,,,,,,,
80,,,,,,,,,
90,,,,,,,,,
65,,,,,,,,,
15,,,,,,,,,
69,,,,,,,,,
88,,,,,,,,,
100,,,,,,,,,
87,,,,,,,,,
55,,,,,,,,,
64,,,,,,,,,
17,,,,,,,,,
79,,,,,,,,,
113,,,,,,,,,
104,,,,,,,,,
50,,,,,,,,,
99,,,,,,,,,
81,,,,,,,,,
105,,,,,,,,,
108,,,,,,,,,
91,,,,,,,,,
26,,,,,,,,,
92,,,,,,,,,
23,,,,,,,,,
