20,92.0,78.0,36.0,70.0,31.0,73.0,130.0,80.0,40.0
44,59.0,158.0,84.0,116.0,73.0,49.0,67.0,95.0,49.0
36,18.0,91.0,22.0,113.0,132.0,59.0,78.0,67.0,43.0
120,125.0,56.0,77.0,57.0,54.0,81.0,17.0,106.0,52.0
106,124.0,144.0,122.0,76.0,42.0,73.0,68.0,74.0,107.0
116,58.0,65.0,31.0,69.0,85.0,35.0,35.0,129.0,110.0
75,20.0,17.0,101.0,7.0,73.0,46.0,94.0,92.0,26.0
163,123.0,39.0,120.0,9.0,58.0,61.0,76.0,99.0,119.0
145,43.0,146.0,138.0,71.0,67.0,30.0,76.0,62.0,47.0
47,148.0,53.0,25.0,106.0,77.0,93.0,96.0,100.0,117.0
20,95.0,20.0,88.0,40.0,69.0,55.0,108.0,60.0,128.0
88,158.0,74.0,19.0,54.0,62.0,100.0,91.0,32.0,90.0
56,92.0,35.0,33.0,9.0,32.0,112.0,32.0,135.0,90.0
15,54.0,64.0,74.0,29.0,3.0,57.0,90.0,102.0,106.0
111,99.0,53.0,60.0,42.0,69.0,118.0,129.0,45.0,52.0
97,113.0,91.0,94.0,27.0,41.0,107.0,56.0,106.0,79.0
22,80.0,34.0,112.0,43.0,133.0,20.0,80.0,82.0,39.0
88,108.0,68.0,45.0,49.0,122.0,115.0,65.0,80.0,85.0
61,9.0,72.0,75.0,23.0,131.0,109.0,127.0,27.0,56.0
50,54.0,47.0,94.0,66.0,36.0,93.0,88.0,91.0,95.0
36,121.0,33.0,64.0,93.0,31.0,22.0,73.0,115.0,62.0
46,71.0,87.0,60.0,55.0,146.0,83.0,114.0,121.0,59.0
111,101.0,144.0,5.0,66.0,34.0,75.0,56.0,76.0,94.0
21,100.0,92.0,143.0,46.0,77.0,107.0,78.0,28.0,71.0
117,62.0,62.0,148.0,71.0,35.0,108.0,58.0,31.0,76.0
151,6.0,158.0,90.0,44.0,44.0,113.0,78.0,25.0,100.0
41,34.0,153.0,19.0,47.0,39.0,91.0,66.0,119.0,92.0
77,135.0,47.0,117.0,61.0,107.0,100.0,29.0,92.0,147.0
116,104.0,36.0,131.0,101.0,91.0,109.0,51.0,111.0,61.0
68,83.0,131.0,112.0,59.0,98.0,70.0,84.0,65.0,109.0
115,104.0,45.0,14.0,118.0,121.0,102.0,88.0,77.0,103.0
8,81.0,16.0,46.0,108.0,87.0,19.0,96.0,88.0,83.0
72,75.0,72.0,102.0,22.0,33.0,143.0,95.0,4.0,117.0
84,97.0,97.0,89.0,71.0,2.0,85.0,71.0,93.0,103.0
143,107.0,154.0,115.0,99.0,83.0,47.0,63.0,93.0,68.0
160,65.0,53.0,50.0,7.0,26.0,114.0,118.0,92.0,65.0
59,116.0,55.0,113.0,73.0,96.0,18.0,88.0,70.0,108.0
79,101.0,79.0,112.0,5.0,51.0,106.0,51.0,62.0,65.0
79,33.0,27.0,67.0,72.0,72.0,87.0,65.0,87.0,45.0
90,16.0,126.0,85.0,64.0,70.0,52.0,56.0,51.0,91.0
40,87.0,139.0,12.0,49.0,21.0,129.0,88.0,38.0,129.0
23,102.0,68.0,30.0,23.0,95.0,96.0,62.0,47.0,47.0
137,44.0,48.0,70.0,112.0,111.0,79.0,98.0,101.0,102.0
56,62.0,35.0,69.0,81.0,111.0,82.0,53.0,42.0,59.0
33,82.0,69.0,71.0,42.0,83.0,55.0,78.0,66.0,136.0
125,56.0,124.0,106.0,58.0,77.0,124.0,121.0,102.0,134.0
40,78.0,24.0,139.0,65.0,50.0,54.0,129.0,131.0,71.0
69,80.0,26.0,48.0,92.0,37.0,85.0,61.0,73.0,61.0
80,35.0,118.0,96.0,101.0,24.0,62.0,42.0,82.0,106.0
7,125.0,159.0,74.0,58.0,50.0,42.0,64.0,88.0,81.0
78,85.0,64.0,107.0,95.0,61.0,83.0,107.0,85.0,110.0
161,138.0,68.0,66.0,48.0,116.0,114.0,82.0,109.0,84.0
57,32.0,25.0,37.0,3.0,126.0,76.0,84.0,37.0,111.0
82,81.0,115.0,48.0,28.0,43.0,21.0,103.0,101.0,84.0
100,142.0,155.0,21.0,60.0,102.0,81.0,106.0,85.0,92.0
117,38.0,129.0,43.0,127.0,34.0,56.0,62.0,96.0,38.0
64,54.0,110.0,142.0,106.0,15.0,52.0,37.0,72.0,38.0
33,149.0,95.0,53.0,96.0,98.0,56.0,30.0,53.0,104.0
100,105.0,29.0,77.0,73.0,60.0,125.0,147.0,68.0,43.0
57,113.0,95.0,21.0,100.0,109.0,132.0,61.0,97.0,45.0
64,115.0,92.0,76.0,50.0,51.0,98.0,105.0,121.0,88.0
141,39.0,27.0,52.0,107.0,43.0,117.0,82.0,90.0,60.0
92,97.0,35.0,20.0,71.0,71.0,141.0,77.0,80.0,54.0
54,76.0,40.0,75.0,51.0,92.0,94.0,78.0,94.0,98.0
47,108.0,31.0,81.0,118.0,25.0,36.0,83.0,94.0,102.0
39,30.0,84.0,139.0,36.0,88.0,119.0,79.0,87.0,58.0
118,65.0,20.0,77.0,132.0,21.0,59.0,99.0,31.0,92.0
48,25.0,35.0,57.0,127.0,33.0,59.0,75.0,80.0,86.0
27,71.0,100.0,137.0,102.0,74.0,113.0,82.0,106.0,106.0
51,129.0,66.0,69.0,95.0,62.0,56.0,136.0,126.0,73.0
87,107.0,46.0,163.0,44.0,52.0,99.0,87.0,111.0,122.0
35,97.0,108.0,68.0,53.0,139.0,90.0,55.0,119.0,113.0
143,18.0,33.0,47.0,88.0,70.0,44.0,140.0,54.0,65.0
114,75.0,115.0,91.0,56.0,17.0,36.0,74.0,60.0,114.0
7,103.0,117.0,123.0,72.0,68.0,78.0,45.0,105.0,119.0
116,19.0,71.0,72.0,51.0,107.0,64.0,102.0,101.0,73.0
48,97.0,64.0,76.0,102.0,103.0,15.0,52.0,30.0,80.0
91,45.0,101.0,59.0,126.0,122.0,107.0,83.0,104.0,91.0
65,96.0,89.0,16.0,141.0,65.0,73.0,50.0,85.0,127.0
20,71.0,50.0,92.0,65.0,115.0,110.0,79.0,124.0,72.0
58,41.0,18.0,101.0,65.0,73.0,80.0,115.0,94.0,55.0
99,127.0,124.0,87.0,110.0,66.0,101.0,67.0,102.0,113.0
42,89.0,122.0,98.0,27.0,105.0,52.0,111.0,86.0,72.0
140,114.0,87.0,87.0,16.0,44.0,50.0,74.0,76.0,32.0
97,41.0,95.0,88.0,55.0,39.0,49.0,49.0,87.0,82.0
127,152.0,48.0,126.0,39.0,70.0,25.0,57.0,35.0,88.0
31,27.0,42.0,151.0,4.0,26.0,117.0,72.0,89.0,125.0
83,105.0,57.0,79.0,26.0,110.0,73.0,112.0,86.0,43.0
98,40.0,10.0,123.0,38.0,47.0,107.0,41.0,50.0,110.0
19,40.0,81.0,149.0,84.0,32.0,57.0,79.0,94.0,77.0
161,50.0,53.0,63.0,108.0,71.0,86.0,110.0,88.0,82.0
50,41.0,98.0,97.0,68.0,122.0,18.0,48.0,73.0,43.0
78,66.0,83.0,94.0,92.0,86.0,95.0,135.0,110.0,86.0
59,109.0,55.0,137.0,17.0,12.0,55.0,91.0,85.0,56.0
87,141.0,61.0,39.0,47.0,157.0,87.0,88.0,149.0,117.0
124,71.0,35.0,111.0,58.0,113.0,63.0,68.0,93.0,117.0
56,29.0,61.0,79.0,44.0,41.0,56.0,87.0,90.0,96.0
36,19.0,122.0,48.0,78.0,32.0,61.0,62.0,65.0,32.0
93,61.0,74.0,74.0,133.0,49.0,59.0,63.0,114.0,93.0
107,94.0,148.0,15.0,106.0,76.0,77.0,40.0,150.0,118.0
103,68.0,117.0,84.0,34.0,89.0,69.0,5.0,61.0,93.0
114,40.0,39.0,35.0,123.0,39.0,55.0,76.0,94.0,101.0
66,87.0,92.0,52.0,64.0,92.0,121.0,53.0,5.0,71.0
90,25.0,59.0,22.0,21.0,70.0,131.0,106.0,89.0,103.0
15,46.0,92.0,108.0,67.0,130.0,104.0,33.0,85.0,109.0
76,143.0,88.0,15.0,105.0,101.0,95.0,60.0,78.0,129.0
92,153.0,97.0,23.0,79.0,50.0,65.0,60.0,103.0,84.0
88,122.0,28.0,49.0,31.0,72.0,83.0,101.0,88.0,69.0
150,157.0,149.0,67.0,37.0,47.0,37.0,95.0,54.0,121.0
84,64.0,27.0,113.0,74.0,32.0,110.0,145.0,84.0,57.0
109,26.0,21.0,64.0,17.0,125.0,59.0,80.0,70.0,85.0
83,98.0,133.0,116.0,68.0,76.0,19.0,65.0,58.0,146.0
80,155.0,54.0,115.0,69.0,127.0,90.0,91.0,31.0,107.0
78,31.0,130.0,69.0,38.0,85.0,23.0,70.0,118.0,108.0
74,92.0,112.0,38.0,77.0,72.0,98.0,73.0,99.0,99.0
55,100.0,73.0,55.0,68.0,85.0,82.0,112.0,66.0,68.0
44,48.0,35.0,37.0,100.0,88.0,66.0,88.0,61.0,130.0
39,72.0,79.0,50.0,42.0,74.0,20.0,37.0,97.0,47.0
109,65.0,115.0,32.0,51.0,47.0,75.0,79.0,88.0,108.0
62,111.0,76.0,104.0,29.0,66.0,33.0,95.0,39.0,118.0
33,110.0,29.0,5.0,57.0,46.0,148.0,91.0,95.0,63.0
96,116.0,16.0,137.0,22.0,52.0,65.0,59.0,96.0,94.0
90,45.0,35.0,62.0,52.0,31.0,59.0,97.0,67.0,32.0
67,81.0,67.0,132.0,144.0,58.0,62.0,80.0,103.0,63.0
71,64.0,44.0,67.0,135.0,31.0,112.0,40.0,27.0,73.0
55,49.0,9.0,121.0,12.0,67.0,24.0,90.0,130.0,44.0
75,90.0,89.0,55.0,45.0,125.0,104.0,61.0,93.0,41.0
30,51.0,79.0,104.0,132.0,87.0,102.0,31.0,70.0,57.0
66,91.0,97.0,34.0,91.0,70.0,125.0,102.0,114.0,50.0
129,118.0,136.0,85.0,40.0,78.0,118.0,77.0,88.0,82.0
60,31.0,23.0,152.0,143.0,108.0,37.0,57.0,47.0,84.0
13,39.0,120.0,44.0,107.0,80.0,69.0,68.0,62.0,58.0
152,32.0,13.0,18.0,136.0,57.0,133.0,76.0,73.0,111.0
74,83.0,35.0,62.0,96.0,78.0,75.0,61.0,77.0,82.0
21,51.0,29.0,71.0,87.0,130.0,65.0,105.0,66.0,118.0
124,86.0,21.0,108.0,69.0,107.0,106.0,57.0,107.0,85.0
37,67.0,36.0,21.0,98.0,96.0,27.0,70.0,136.0,28.0
95,67.0,64.0,55.0,15.0,48.0,112.0,105.0,37.0,147.0
43,90.0,105.0,125.0,22.0,40.0,114.0,89.0,112.0,98.0
74,69.0,120.0,130.0,116.0,22.0,37.0,103.0,76.0,97.0
159,23.0,52.0,57.0,67.0,110.0,128.0,113.0,92.0,82.0
99,148.0,70.0,34.0,2.0,99.0,4.0,76.0,76.0,73.0
105,61.0,27.0,15.0,125.0,88.0,40.0,97.0,69.0,52.0
82,63.0,35.0,31.0,141.0,84.0,98.0,101.0,81.0,9.0
34,68.0,33.0,63.0,45.0,72.0,83.0,28.0,83.0,48.0
98,166.0,133.0,34.0,127.0,56.0,42.0,28.0,90.0,133.0
61,52.0,15.0,115.0,57.0,72.0,83.0,100.0,32.0,108.0
34,35.0,84.0,126.0,64.0,98.0,90.0,72.0,128.0,77.0
57,121.0,153.0,104.0,50.0,80.0,65.0,74.0,88.0,125.0
123,43.0,42.0,42.0,51.0,108.0,72.0,103.0,90.0,122.0
119,97.0,29.0,32.0,35.0,17.0,44.0,80.0,98.0,95.0
92,40.0,32.0,29.0,47.0,99.0,47.0,88.0,67.0,111.0
53,72.0,31.0,30.0,114.0,20.0,41.0,86.0,89.0,84.0
110,63.0,47.0,95.0,43.0,112.0,54.0,50.0,55.0,53.0
69,115.0,111.0,31.0,39.0,18.0,82.0,112.0,93.0,61.0
67,34.0,142.0,68.0,17.0,10.0,84.0,84.0,45.0,56.0
57,112.0,26.0,39.0,79.0,31.0,142.0,108.0,46.0,82.0
50,30.0,152.0,50.0,72.0,103.0,112.0,48.0,31.0,99.0
34,63.0,42.0,118.0,136.0,39.0,68.0,99.0,99.0,77.0
50,114.0,34.0,142.0,32.0,19.0,76.0,20.0,74.0,119.0
66,120.0,92.0,130.0,82.0,76.0,72.0,95.0,48.0,41.0
14,75.0,109.0,95.0,23.0,61.0,84.0,57.0,113.0,83.0
76,111.0,43.0,139.0,28.0,117.0,19.0,30.0,61.0,88.0
52,80.0,95.0,87.0,36.0,40.0,104.0,85.0,90.0,106.0
72,79.0,109.0,124.0,76.0,141.0,131.0,43.0,110.0,105.0
35,70.0,38.0,53.0,84.0,15.0,74.0,72.0,129.0,89.0
55,73.0,154.0,125.0,95.0,65.0,58.0,83.0,97.0,112.0
22,94.0,3.0,47.0,38.0,72.0,67.0,71.0,131.0,83.0
82,85.0,88.0,59.0,121.0,64.0,122.0,67.0,37.0,65.0
131,153.0,24.0,74.0,139.0,81.0,67.0,94.0,76.0,90.0
33,51.0,103.0,101.0,64.0,121.0,78.0,69.0,87.0,44.0
110,150.0,160.0,62.0,57.0,86.0,68.0,85.0,45.0,105.0
108,87.0,59.0,105.0,50.0,131.0,70.0,105.0,81.0,83.0
66,60.0,91.0,136.0,114.0,83.0,45.0,53.0,77.0,104.0
14,70.0,90.0,61.0,48.0,107.0,95.0,88.0,83.0,114.0
108,57.0,38.0,130.0,93.0,100.0,60.0,67.0,72.0,76.0
98,121.0,110.0,149.0,84.0,95.0,29.0,62.0,90.0,47.0
80,20.0,34.0,24.0,133.0,52.0,98.0,50.0,88.0,83.0
84,39.0,123.0,76.0,22.0,56.0,44.0,111.0,90.0,111.0
42,63.0,90.0,62.0,75.0,22.0,82.0,95.0,61.0,97.0
14,57.0,50.0,51.0,70.0,72.0,105.0,71.0,113.0,73.0
49,32.0,115.0,31.0,70.0,104.0,121.0,121.0,71.0,83.0
86,17.0,12.0,21.0,67.0,74.0,111.0,59.0,122.0,124.0
96,118.0,59.0,119.0,65.0,18.0,25.0,84.0,95.0,115.0
76,47.0,102.0,92.0,51.0,85.0,30.0,65.0,113.0,93.0
60,147.0,111.0,54.0,53.0,66.0,111.0,80.0,62.0,79.0
106,128.0,38.0,52.0,59.0,10.0,75.0,109.0,72.0,74.0
56,13.0,39.0,106.0,160.0,46.0,30.0,94.0,83.0,118.0
48,23.0,90.0,85.0,99.0,46.0,82.0,94.0,149.0,123.0
43,116.0,73.0,63.0,116.0,65.0,69.0,50.0,89.0,124.0
77,37.0,10.0,24.0,108.0,103.0,81.0,136.0,89.0,10.0
30,140.0,27.0,48.0,32.0,61.0,82.0,71.0,132.0,44.0
49,61.0,67.0,89.0,49.0,73.0,65.0,32.0,85.0,79.0
34,94.0,108.0,99.0,49.0,50.0,100.0,105.0,120.0,11.0
88,69.0,138.0,7.0,21.0,83.0,69.0,114.0,71.0,12.0
82,93.0,69.0,123.0,18.0,21.0,108.0,94.0,51.0,138.0
45,26.0,124.0,30.0,107.0,32.0,60.0,91.0,125.0,60.0
71,84.0,56.0,67.0,14.0,124.0,66.0,82.0,66.0,105.0
137,72.0,98.0,35.0,103.0,120.0,43.0,100.0,53.0,115.0
50,54.0,73.0,110.0,36.0,109.0,112.0,87.0,65.0,76.0
150,122.0,64.0,95.0,27.0,70.0,71.0,61.0,126.0,80.0
9,74.0,65.0,94.0,126.0,76.0,52.0,48.0,56.0,107.0
109,41.0,23.0,105.0,97.0,52.0,113.0,59.0,52.0,110.0
55,67.0,5.0,78.0,75.0,99.0,91.0,106.0,91.0,115.0
36,51.0,66.0,115.0,68.0,80.0,65.0,89.0,36.0,91.0
106,109.0,117.0,76.0,69.0,34.0,35.0,109.0,72.0,90.0
79,75.0,154.0,77.0,118.0,58.0,70.0,100.0,67.0,62.0
122,14.0,42.0,74.0,101.0,42.0,89.0,92.0,54.0,120.0
100,81.0,71.0,114.0,48.0,138.0,50.0,101.0,79.0,97.0
117,34.0,73.0,73.0,81.0,117.0,92.0,52.0,91.0,123.0
63,57.0,42.0,38.0,121.0,8.0,65.0,61.0,53.0,106.0
73,108.0,27.0,132.0,67.0,3.0,143.0,55.0,81.0,66.0
106,126.0,58.0,17.0,53.0,107.0,40.0,66.0,67.0,84.0
15,103.0,22.0,86.0,101.0,59.0,73.0,77.0,59.0,78.0
90,77.0,76.0,57.0,97.0,18.0,94.0,117.0,43.0,61.0
77,121.0,22.0,13.0,137.0,132.0,56.0,129.0,29.0,98.0
100,70.0,113.0,94.0,24.0,48.0,58.0,84.0,57.0,98.0
61,130.0,96.0,6.0,87.0,49.0,57.0,126.0,132.0,93.0
48,100.0,98.0,57.0,98.0,108.0,64.0,2.0,92.0,89.0
72,128.0,109.0,59.0,117.0,19.0,31.0,104.0,18.0,71.0
52,14.0,58.0,36.0,81.0,134.0,119.0,89.0,40.0,40.0
137,76.0,89.0,57.0,117.0,87.0,133.0,32.0,39.0,129.0
161,71.0,23.0,110.0,69.0,64.0,86.0,51.0,16.0,89.0
85,33.0,94.0,63.0,46.0,81.0,83.0,56.0,139.0,89.0
58,47.0,88.0,92.0,128.0,49.0,61.0,89.0,49.0,101.0
63,78.0,44.0,105.0,42.0,33.0,45.0,115.0,58.0,58.0
56,138.0,80.0,62.0,111.0,87.0,39.0,123.0,88.0,81.0
55,114.0,118.0,36.0,55.0,31.0,105.0,98.0,124.0,42.0
78,59.0,144.0,40.0,97.0,118.0,75.0,23.0,53.0,43.0
158,87.0,143.0,38.0,96.0,54.0,23.0,45.0,68.0,128.0
30,64.0,50.0,62.0,122.0,84.0,50.0,39.0,77.0,60.0
114,13.0,114.0,62.0,91.0,59.0,83.0,64.0,79.0,98.0
149,56.0,77.0,49.0,20.0,124.0,93.0,25.0,111.0,85.0
35,93.0,87.0,78.0,106.0,49.0,73.0,25.0,93.0,64.0
46,107.0,51.0,31.0,51.0,24.0,92.0,68.0,83.0,81.0
83,111.0,53.0,53.0,126.0,102.0,69.0,69.0,126.0,54.0
21,75.0,81.0,83.0,11.0,59.0,100.0,76.0,120.0,101.0
50,66.0,98.0,85.0,48.0,141.0,73.0,104.0,86.0,94.0
95,126.0,114.0,117.0,85.0,125.0,115.0,58.0,61.0,81.0
132,150.0,129.0,92.0,69.0,96.0,51.0,44.0,71.0,72.0
129,148.0,112.0,46.0,91.0,52.0,51.0,75.0,41.0,40.0
12,79.0,163.0,70.0,86.0,67.0,30.0,62.0,82.0,120.0
81,105.0,88.0,132.0,89.0,88.0,71.0,86.0,107.0,47.0
67,57.0,109.0,5.0,85.0,92.0,85.0,56.0,135.0,43.0
81,143.0,17.0,81.0,80.0,116.0,126.0,68.0,86.0,55.0
38,70.0,25.0,60.0,27.0,60.0,105.0,35.0,26.0,91.0
17,45.0,142.0,114.0,48.0,62.0,124.0,80.0,41.0,99.0
125,68.0,35.0,116.0,84.0,74.0,73.0,96.0,127.0,96.0
51,9.0,52.0,50.0,73.0,127.0,94.0,59.0,91.0,133.0
143,65.0,112.0,92.0,72.0,82.0,116.0,75.0,74.0,38.0
163,55.0,57.0,76.0,132.0,91.0,99.0,107.0,44.0,64.0
31,93.0,43.0,135.0,39.0,125.0,53.0,94.0,112.0,53.0
82,84.0,115.0,111.0,4.0,90.0,61.0,53.0,82.0,129.0
142,61.0,49.0,97.0,44.0,52.0,128.0,81.0,106.0,74.0
92,148.0,117.0,148.0,99.0,122.0,71.0,33.0,118.0,130.0
12,57.0,71.0,9.0,71.0,71.0,45.0,110.0,99.0,72.0
133,114.0,84.0,46.0,123.0,29.0,17.0,94.0,26.0,78.0
27,118.0,88.0,86.0,132.0,53.0,101.0,52.0,73.0,78.0
49,78.0,3.0,2.0,64.0,76.0,53.0,72.0,67.0,112.0
62,63.0,74.0,98.0,42.0,18.0,124.0,79.0,109.0,53.0
71,65.0,44.0,0.0,92.0,101.0,82.0,101.0,47.0,87.0
50,63.0,76.0,130.0,128.0,81.0,64.0,97.0,59.0,43.0
106,146.0,100.0,3.0,90.0,133.0,29.0,102.0,90.0,91.0
73,92.0,57.0,125.0,120.0,87.0,52.0,67.0,30.0,146.0
92,48.0,155.0,27.0,79.0,58.0,78.0,123.0,67.0,87.0
48,40.0,155.0,26.0,50.0,147.0,68.0,63.0,94.0,51.0
134,112.0,68.0,39.0,94.0,56.0,89.0,45.0,125.0,27.0
67,116.0,45.0,4.0,77.0,70.0,81.0,90.0,72.0,69.0
123,93.0,59.0,82.0,15.0,24.0,78.0,76.0,85.0,93.0
118,42.0,114.0,45.0,103.0,43.0,91.0,84.0,139.0,89.0
90,90.0,21.0,9.0,19.0,100.0,105.0,119.0,112.0,73.0
49,66.0,51.0,25.0,83.0,47.0,57.0,34.0,89.0,114.0
16,35.0,152.0,69.0,101.0,90.0,71.0,35.0,109.0,83.0
27,81.0,66.0,86.0,105.0,89.0,87.0,73.0,61.0,81.0
62,23.0,52.0,79.0,49.0,67.0,64.0,70.0,37.0,70.0
17,68.0,53.0,127.0,41.0,77.0,91.0,60.0,94.0,12.0
71,50.0,153.0,101.0,93.0,133.0,144.0,72.0,66.0,61.0
54,42.0,17.0,43.0,26.0,64.0,119.0,72.0,74.0,124.0
42,38.0,89.0,105.0,125.0,91.0,66.0,85.0,87.0,78.0
19,7.0,132.0,50.0,38.0,85.0,22.0,59.0,50.0,102.0
151,10.0,155.0,30.0,35.0,90.0,109.0,82.0,102.0,118.0
77,69.0,36.0,56.0,75.0,88.0,29.0,103.0,102.0,72.0
72,37.0,69.0,137.0,163.0,67.0,94.0,26.0,99.0,42.0
54,122.0,36.0,12.0,90.0,101.0,50.0,92.0,29.0,75.0
8,101.0,38.0,155.0,31.0,91.0,11.0,90.0,54.0,68.0
35,117.0,90.0,145.0,127.0,79.0,88.0,44.0,51.0,100.0
66,127.0,60.0,107.0,49.0,108.0,106.0,88.0,49.0,105.0
150,157.0,162.0,72.0,49.0,93.0,64.0,62.0,83.0,63.0
96,138.0,19.0,120.0,52.0,56.0,49.0,53.0,63.0,86.0
80,146.0,71.0,115.0,25.0,10.0,73.0,101.0,65.0,59.0
140,74.0,53.0,55.0,107.0,45.0,44.0,124.0,80.0,48.0
51,77.0,96.0,21.0,32.0,90.0,81.0,50.0,109.0,35.0
92,112.0,127.0,58.0,28.0,42.0,120.0,60.0,70.0,28.0
92,69.0,92.0,129.0,36.0,103.0,104.0,66.0,129.0,107.0
48,47.0,67.0,88.0,96.0,48.0,14.0,40.0,138.0,102.0
66,101.0,117.0,3.0,96.0,82.0,55.0,72.0,119.0,110.0
72,154.0,68.0,106.0,57.0,130.0,62.0,94.0,148.0,12.0
83,83.0,88.0,22.0,62.0,91.0,111.0,54.0,90.0,101.0
16,60.0,25.0,66.0,108.0,106.0,10.0,85.0,47.0,113.0
84,55.0,95.0,85.0,78.0,24.0,144.0,110.0,153.0,73.0
34,113.0,62.0,65.0,68.0,119.0,54.0,89.0,100.0,75.0
102,116.0,114.0,37.0,114.0,83.0,47.0,43.0,149.0,60.0
90,35.0,26.0,79.0,76.0,96.0,93.0,112.0,32.0,109.0
42,23.0,9.0,133.0,66.0,26.0,86.0,59.0,85.0,70.0
57,128.0,21.0,46.0,69.0,72.0,98.0,111.0,55.0,43.0
98,90.0,23.0,39.0,40.0,117.0,46.0,37.0,84.0,112.0
105,30.0,72.0,32.0,72.0,81.0,134.0,79.0,45.0,85.0
81,81.0,57.0,77.0,20.0,70.0,77.0,56.0,108.0,44.0
102,68.0,100.0,69.0,65.0,4.0,66.0,5.0,107.0,74.0
51,26.0,24.0,72.0,59.0,45.0,43.0,42.0,87.0,46.0
78,115.0,107.0,81.0,119.0,47.0,118.0,95.0,71.0,107.0
33,74.0,70.0,43.0,44.0,77.0,59.0,102.0,69.0,101.0
19,62.0,16.0,95.0,110.0,70.0,93.0,85.0,97.0,69.0
59,51.0,119.0,33.0,155.0,76.0,36.0,25.0,90.0,70.0
87,77.0,81.0,129.0,91.0,124.0,81.0,101.0,69.0,89.0
165,78.0,131.0,122.0,48.0,107.0,87.0,107.0,114.0,73.0
109,66.0,59.0,72.0,75.0,125.0,46.0,27.0,63.0,58.0
112,139.0,48.0,58.0,71.0,42.0,106.0,54.0,64.0,86.0
65,128.0,83.0,82.0,126.0,112.0,62.0,104.0,84.0,12.0
76,109.0,60.0,85.0,78.0,36.0,114.0,69.0,98.0,64.0
78,83.0,72.0,81.0,66.0,56.0,56.0,114.0,86.0,92.0
23,55.0,47.0,85.0,89.0,78.0,35.0,91.0,87.0,125.0
94,64.0,89.0,35.0,28.0,26.0,69.0,98.0,95.0,113.0
157,17.0,73.0,85.0,49.0,62.0,41.0,124.0,129.0,127.0
79,51.0,78.0,118.0,57.0,51.0,7.0,48.0,53.0,108.0
26,89.0,98.0,91.0,34.0,43.0,61.0,47.0,83.0,131.0
136,70.0,97.0,55.0,50.0,104.0,94.0,111.0,112.0,79.0
60,57.0,58.0,81.0,81.0,88.0,43.0,103.0,94.0,99.0
37,88.0,33.0,123.0,128.0,50.0,61.0,112.0,123.0,41.0
60,73.0,99.0,10.0,47.0,93.0,82.0,60.0,51.0,73.0
62,40.0,150.0,15.0,109.0,126.0,68.0,26.0,149.0,52.0
34,66.0,111.0,95.0,6.0,4.0,26.0,60.0,103.0,74.0
112,86.0,44.0,109.0,61.0,90.0,107.0,92.0,97.0,105.0
51,68.0,133.0,76.0,106.0,34.0,33.0,64.0,23.0,110.0
18,143.0,96.0,46.0,25.0,108.0,113.0,86.0,104.0,62.0
48,80.0,20.0,74.0,109.0,122.0,36.0,71.0,83.0,53.0
39,61.0,38.0,36.0,77.0,83.0,52.0,91.0,84.0,63.0
87,48.0,47.0,91.0,135.0,121.0,89.0,34.0,81.0,100.0
71,108.0,123.0,110.0,14.0,104.0,120.0,74.0,55.0,72.0
74,162.0,149.0,35.0,59.0,24.0,72.0,109.0,36.0,78.0
15,55.0,36.0,69.0,21.0,104.0,60.0,100.0,56.0,57.0
96,136.0,51.0,109.0,119.0,36.0,70.0,110.0,112.0,15.0
29,80.0,57.0,90.0,120.0,45.0,55.0,63.0,91.0,57.0
44,91.0,70.0,112.0,29.0,61.0,108.0,50.0,93.0,81.0
18,166.0,44.0,118.0,37.0,93.0,82.0,41.0,62.0,112.0
19,128.0,60.0,43.0,77.0,33.0,72.0,118.0,98.0,58.0
100,63.0,50.0,20.0,108.0,78.0,62.0,115.0,98.0,82.0
91,74.0,89.0,89.0,89.0,97.0,76.0,65.0,101.0,107.0
48,26.0,20.0,103.0,70.0,92.0,108.0,93.0,41.0,110.0
69,55.0,114.0,107.0,114.0,64.0,136.0,89.0,63.0,59.0
144,41.0,119.0,116.0,48.0,26.0,103.0,33.0,93.0,107.0
111,34.0,79.0,119.0,55.0,64.0,53.0,60.0,70.0,44.0
84,83.0,61.0,42.0,75.0,124.0,106.0,53.0,111.0,100.0
89,82.0,62.0,81.0,80.0,87.0,81.0,92.0,68.0,131.0
44,127.0,83.0,66.0,50.0,59.0,44.0,87.0,96.0,86.0
60,92.0,63.0,32.0,12.0,36.0,47.0,47.0,112.0,133.0
117,37.0,145.0,59.0,123.0,91.0,97.0,76.0,84.0,110.0
152,98.0,63.0,135.0,96.0,75.0,37.0,62.0,41.0,96.0
14,150.0,148.0,103.0,101.0,125.0,39.0,107.0,124.0,41.0
139,86.0,112.0,103.0,82.0,24.0,44.0,59.0,94.0,90.0
14,100.0,2.0,54.0,64.0,22.0,86.0,98.0,88.0,60.0
71,111.0,26.0,96.0,64.0,31.0,30.0,119.0,95.0,91.0
116,80.0,107.0,43.0,100.0,113.0,124.0,27.0,49.0,136.0
88,96.0,17.0,107.0,45.0,45.0,72.0,72.0,42.0,41.0
101,128.0,68.0,108.0,141.0,56.0,63.0,61.0,57.0,100.0
147,26.0,23.0,67.0,62.0,99.0,80.0,76.0,86.0,68.0
47,24.0,56.0,133.0,55.0,80.0,47.0,70.0,116.0,89.0
43,89.0,25.0,47.0,70.0,23.0,52.0,59.0,84.0,80.0
61,91.0,77.0,16.0,93.0,53.0,34.0,103.0,78.0,50.0
103,151.0,38.0,109.0,50.0,72.0,60.0,73.0,79.0,83.0
83,92.0,44.0,60.0,54.0,33.0,58.0,124.0,72.0,82.0
26,79.0,105.0,61.0,77.0,70.0,49.0,109.0,93.0,111.0
11,23.0,37.0,127.0,78.0,86.0,55.0,74.0,86.0,91.0
97,68.0,71.0,106.0,114.0,97.0,133.0,74.0,85.0,29.0
116,103.0,52.0,34.0,82.0,73.0,104.0,167.0,39.0,69.0
48,152.0,18.0,126.0,83.0,99.0,99.0,61.0,42.0,40.0
131,32.0,55.0,127.0,131.0,92.0,68.0,90.0,75.0,28.0
111,104.0,45.0,145.0,81.0,45.0,33.0,64.0,93.0,46.0
64,42.0,114.0,119.0,60.0,107.0,76.0,59.0,38.0,119.0
77,121.0,79.0,131.0,32.0,84.0,83.0,69.0,49.0,67.0
32,115.0,116.0,137.0,19.0,65.0,119.0,56.0,108.0,36.0
23,129.0,35.0,138.0,28.0,33.0,84.0,56.0,90.0,14.0
129,20.0,70.0,97.0,144.0,44.0,91.0,70.0,44.0,98.0
37,88.0,74.0,137.0,53.0,114.0,13.0,58.0,62.0,60.0
89,52.0,27.0,49.0,24.0,81.0,41.0,100.0,85.0,132.0
31,101.0,46.0,86.0,96.0,121.0,49.0,68.0,52.0,81.0
18,31.0,98.0,32.0,99.0,117.0,55.0,54.0,41.0,12.0
60,84.0,137.0,45.0,101.0,129.0,38.0,21.0,70.0,96.0
93,131.0,104.0,71.0,112.0,25.0,113.0,87.0,79.0,90.0
130,26.0,57.0,49.0,46.0,16.0,140.0,54.0,73.0,40.0
54,104.0,123.0,142.0,19.0,52.0,133.0,60.0,142.0,59.0
91,149.0,140.0,108.0,70.0,118.0,57.0,60.0,87.0,94.0
86,34.0,59.0,83.0,86.0,133.0,69.0,84.0,40.0,80.0
161,33.0,22.0,55.0,56.0,98.0,92.0,33.0,57.0,107.0
88,73.0,51.0,124.0,78.0,85.0,117.0,43.0,131.0,3.0
69,37.0,107.0,51.0,123.0,106.0,122.0,152.0,87.0,96.0
111,93.0,58.0,104.0,60.0,155.0,50.0,46.0,47.0,63.0
58,118.0,106.0,67.0,24.0,75.0,20.0,85.0,71.0,130.0
72,120.0,11.0,138.0,134.0,57.0,106.0,69.0,96.0,97.0
57,97.0,37.0,26.0,93.0,31.0,50.0,62.0,72.0,103.0
50,60.0,71.0,118.0,66.0,89.0,19.0,44.0,95.0,91.0
129,66.0,41.0,33.0,77.0,105.0,102.0,108.0,28.0,92.0
104,127.0,88.0,96.0,141.0,58.0,56.0,104.0,61.0,92.0
147,48.0,28.0,60.0,4.0,27.0,92.0,105.0,103.0,134.0
112,148.0,46.0,38.0,89.0,78.0,75.0,68.0,69.0,70.0
86,26.0,104.0,36.0,34.0,108.0,99.0,95.0,58.0,88.0
55,111.0,70.0,85.0,119.0,52.0,49.0,45.0,54.0,87.0
80,151.0,3.0,38.0,17.0,2.0,37.0,63.0,93.0,92.0
75,62.0,20.0,65.0,106.0,45.0,63.0,89.0,105.0,132.0
18,54.0,39.0,104.0,116.0,45.0,100.0,120.0,91.0,33.0
44,54.0,17.0,92.0,113.0,56.0,115.0,23.0,94.0,97.0
56,142.0,16.0,61.0,93.0,101.0,84.0,145.0,90.0,99.0
88,144.0,73.0,67.0,83.0,141.0,145.0,53.0,61.0,
149,75.0,48.0,33.0,73.0,118.0,134.0,118.0,78.0,
143,157.0,50.0,46.0,79.0,131.0,102.0,87.0,50.0,
41,103.0,58.0,111.0,89.0,125.0,71.0,99.0,68.0,
47,103.0,12.0,40.0,20.0,29.0,65.0,74.0,115.0,
49,41.0,58.0,29.0,97.0,83.0,77.0,87.0,109.0,
28,15.0,45.0,33.0,87.0,89.0,89.0,63.0,58.0,
40,33.0,39.0,52.0,42.0,112.0,55.0,91.0,124.0,
91,83.0,31.0,45.0,91.0,50.0,145.0,110.0,108.0,
152,76.0,116.0,77.0,105.0,43.0,124.0,65.0,43.0,
58,39.0,80.0,75.0,51.0,131.0,7.0,30.0,131.0,
165,21.0,78.0,11.0,66.0,60.0,43.0,44.0,59.0,
74,139.0,15.0,60.0,77.0,85.0,11.0,101.0,110.0,
109,108.0,19.0,91.0,20.0,116.0,37.0,60.0,97.0,
19,127.0,46.0,106.0,112.0,36.0,88.0,55.0,92.0,
51,80.0,66.0,67.0,54.0,45.0,55.0,99.0,76.0,
79,62.0,72.0,117.0,31.0,41.0,40.0,30.0,78.0,
141,109.0,24.0,72.0,112.0,121.0,56.0,85.0,111.0,
43,19.0,59.0,47.0,98.0,51.0,140.0,57.0,37.0,
130,100.0,63.0,41.0,56.0,15.0,119.0,113.0,135.0,
116,26.0,126.0,103.0,60.0,97.0,132.0,64.0,72.0,
82,46.0,71.0,107.0,57.0,49.0,49.0,91.0,24.0,
61,150.0,69.0,52.0,128.0,100.0,72.0,82.0,79.0,
113,109.0,81.0,121.0,64.0,127.0,92.0,104.0,86.0,
82,85.0,16.0,64.0,68.0,129.0,42.0,19.0,68.0,
21,58.0,90.0,96.0,101.0,46.0,42.0,90.0,46.0,
86,108.0,105.0,39.0,126.0,65.0,105.0,43.0,95.0,
39,115.0,10.0,96.0,32.0,71.0,85.0,93.0,45.0,
96,95.0,132.0,146.0,138.0,42.0,57.0,55.0,110.0,
69,116.0,129.0,60.0,150.0,89.0,118.0,100.0,115.0,
86,30.0,51.0,113.0,126.0,25.0,102.0,22.0,87.0,
73,48.0,77.0,104.0,100.0,74.0,45.0,42.0,95.0,
60,19.0,61.0,104.0,70.0,95.0,30.0,46.0,146.0,
63,79.0,119.0,159.0,72.0,66.0,116.0,103.0,71.0,
52,86.0,107.0,149.0,88.0,66.0,95.0,57.0,77.0,
17,133.0,54.0,49.0,140.0,105.0,43.0,77.0,101.0,
70,88.0,87.0,94.0,48.0,126.0,76.0,84.0,101.0,
88,64.0,14.0,113.0,41.0,92.0,75.0,94.0,101.0,
126,122.0,133.0,66.0,39.0,132.0,54.0,77.0,64.0,
79,92.0,68.0,88.0,103.0,13.0,106.0,58.0,127.0,
64,47.0,92.0,22.0,60.0,41.0,65.0,110.0,82.0,
46,73.0,84.0,82.0,130.0,81.0,106.0,113.0,72.0,
34,25.0,59.0,95.0,112.0,56.0,62.0,124.0,91.0,
92,73.0,11.0,125.0,71.0,80.0,107.0,74.0,94.0,
9,8.0,63.0,73.0,83.0,59.0,103.0,104.0,90.0,
79,53.0,61.0,111.0,32.0,23.0,63.0,122.0,112.0,
119,102.0,155.0,71.0,139.0,110.0,93.0,134.0,66.0,
11,131.0,157.0,95.0,60.0,66.0,49.0,49.0,74.0,
136,114.0,145.0,89.0,50.0,113.0,67.0,127.0,73.0,
111,73.0,72.0,124.0,25.0,60.0,55.0,117.0,102.0,
131,132.0,93.0,16.0,116.0,52.0,96.0,137.0,106.0,
34,110.0,96.0,112.0,125.0,30.0,46.0,47.0,113.0,
76,39.0,79.0,29.0,139.0,107.0,62.0,94.0,37.0,
80,37.0,125.0,43.0,101.0,83.0,43.0,90.0,85.0,
39,19.0,60.0,138.0,33.0,47.0,37.0,82.0,60.0,
109,12.0,145.0,106.0,28.0,69.0,74.0,51.0,75.0,
70,24.0,65.0,20.0,151.0,104.0,83.0,149.0,84.0,
36,134.0,91.0,84.0,96.0,25.0,44.0,119.0,120.0,
91,50.0,34.0,77.0,46.0,49.0,37.0,39.0,119.0,
125,62.0,16.0,120.0,19.0,126.0,47.0,108.0,111.0,
25,102.0,12.0,67.0,79.0,66.0,43.0,64.0,73.0,
128,45.0,37.0,66.0,47.0,54.0,51.0,71.0,111.0,
136,21.0,32.0,25.0,39.0,69.0,9.0,92.0,122.0,
83,80.0,130.0,34.0,81.0,86.0,50.0,120.0,66.0,
124,119.0,19.0,31.0,130.0,79.0,116.0,75.0,62.0,
67,48.0,89.0,131.0,39.0,67.0,118.0,70.0,92.0,
56,28.0,44.0,91.0,100.0,70.0,56.0,74.0,38.0,
62,121.0,129.0,44.0,21.0,0.0,113.0,90.0,81.0,
90,88.0,27.0,56.0,88.0,119.0,89.0,67.0,62.0,
34,77.0,45.0,119.0,124.0,42.0,94.0,111.0,91.0,
112,67.0,115.0,39.0,29.0,84.0,67.0,104.0,91.0,
111,95.0,72.0,33.0,19.0,123.0,49.0,95.0,116.0,
109,53.0,59.0,100.0,92.0,75.0,54.0,75.0,99.0,
115,24.0,84.0,110.0,70.0,119.0,49.0,80.0,133.0,
61,140.0,45.0,34.0,83.0,87.0,100.0,125.0,138.0,
45,115.0,103.0,46.0,122.0,34.0,40.0,118.0,134.0,
72,23.0,46.0,127.0,39.0,45.0,76.0,85.0,114.0,
17,47.0,116.0,91.0,23.0,59.0,82.0,62.0,82.0,
123,16.0,45.0,98.0,67.0,25.0,67.0,112.0,35.0,
140,37.0,58.0,124.0,48.0,88.0,79.0,66.0,65.0,
107,94.0,40.0,65.0,64.0,45.0,83.0,81.0,107.0,
72,28.0,55.0,35.0,78.0,111.0,101.0,34.0,67.0,
117,96.0,87.0,124.0,56.0,21.0,101.0,57.0,123.0,
53,41.0,74.0,55.0,41.0,96.0,116.0,33.0,96.0,
109,87.0,103.0,46.0,131.0,17.0,66.0,70.0,74.0,
26,98.0,31.0,142.0,45.0,34.0,31.0,44.0,65.0,
17,145.0,34.0,125.0,131.0,99.0,56.0,53.0,102.0,
88,55.0,76.0,80.0,99.0,35.0,58.0,121.0,88.0,
54,88.0,119.0,112.0,46.0,10.0,85.0,93.0,44.0,
80,16.0,137.0,32.0,124.0,101.0,44.0,39.0,92.0,
33,70.0,9.0,93.0,13.0,156.0,68.0,57.0,91.0,
37,63.0,77.0,109.0,133.0,48.0,105.0,69.0,83.0,
32,81.0,103.0,103.0,33.0,34.0,62.0,107.0,64.0,
8,57.0,39.0,41.0,92.0,118.0,66.0,128.0,82.0,
84,103.0,87.0,51.0,111.0,128.0,126.0,78.0,66.0,
94,117.0,89.0,131.0,15.0,112.0,24.0,39.0,84.0,
25,19.0,117.0,97.0,115.0,32.0,52.0,110.0,50.0,
48,55.0,32.0,35.0,97.0,83.0,53.0,60.0,131.0,
91,129.0,71.0,72.0,72.0,48.0,52.0,98.0,78.0,
23,125.0,64.0,71.0,46.0,46.0,21.0,103.0,97.0,
113,28.0,108.0,29.0,0.0,72.0,122.0,91.0,86.0,
142,76.0,102.0,104.0,50.0,90.0,88.0,54.0,50.0,
121,61.0,31.0,47.0,132.0,82.0,78.0,128.0,104.0,
56,73.0,35.0,70.0,60.0,92.0,52.0,98.0,28.0,
39,85.0,89.0,16.0,57.0,117.0,79.0,44.0,110.0,
83,28.0,113.0,57.0,38.0,79.0,46.0,49.0,88.0,
113,10.0,36.0,59.0,44.0,77.0,3.0,58.0,82.0,
42,60.0,72.0,72.0,122.0,84.0,81.0,44.0,80.0,
47,91.0,158.0,82.0,18.0,94.0,64.0,70.0,80.0,
55,117.0,77.0,31.0,3.0,108.0,101.0,77.0,78.0,
14,80.0,58.0,104.0,113.0,80.0,78.0,10.0,40.0,
28,67.0,126.0,31.0,115.0,111.0,92.0,122.0,48.0,
75,54.0,65.0,79.0,28.0,81.0,54.0,73.0,66.0,
126,150.0,127.0,100.0,116.0,68.0,77.0,58.0,66.0,
22,69.0,55.0,36.0,98.0,133.0,32.0,25.0,44.0,
32,80.0,52.0,6.0,67.0,19.0,51.0,52.0,66.0,
109,120.0,89.0,60.0,113.0,159.0,45.0,24.0,84.0,
57,37.0,133.0,116.0,122.0,32.0,87.0,78.0,149.0,
54,86.0,87.0,36.0,103.0,41.0,106.0,53.0,30.0,
51,71.0,12.0,100.0,64.0,96.0,42.0,132.0,149.0,
82,42.0,128.0,140.0,48.0,81.0,46.0,71.0,93.0,
73,157.0,64.0,80.0,81.0,124.0,8.0,58.0,42.0,
91,56.0,42.0,153.0,129.0,103.0,96.0,111.0,132.0,
127,54.0,5.0,42.0,102.0,78.0,59.0,99.0,17.0,
48,83.0,41.0,6.0,99.0,101.0,105.0,80.0,108.0,
37,138.0,29.0,107.0,136.0,41.0,29.0,83.0,92.0,
84,122.0,136.0,49.0,69.0,51.0,51.0,82.0,110.0,
80,88.0,54.0,99.0,69.0,78.0,60.0,54.0,57.0,
63,105.0,11.0,101.0,67.0,116.0,67.0,32.0,73.0,
57,114.0,72.0,33.0,38.0,60.0,73.0,94.0,64.0,
27,80.0,103.0,68.0,80.0,79.0,130.0,86.0,94.0,
64,80.0,75.0,142.0,36.0,120.0,86.0,47.0,81.0,
110,49.0,114.0,49.0,95.0,80.0,12.0,111.0,34.0,
89,56.0,43.0,89.0,57.0,144.0,95.0,101.0,108.0,
100,138.0,116.0,133.0,70.0,93.0,61.0,77.0,72.0,
62,78.0,23.0,106.0,88.0,34.0,47.0,62.0,92.0,
145,108.0,56.0,57.0,31.0,64.0,85.0,96.0,56.0,
14,56.0,44.0,43.0,77.0,33.0,71.0,27.0,74.0,
34,20.0,76.0,53.0,87.0,51.0,73.0,57.0,86.0,
87,103.0,91.0,35.0,74.0,109.0,50.0,93.0,102.0,
21,47.0,22.0,38.0,45.0,55.0,71.0,101.0,42.0,
13,101.0,38.0,13.0,19.0,119.0,96.0,57.0,118.0,
54,61.0,88.0,104.0,20.0,53.0,82.0,52.0,98.0,
120,119.0,22.0,76.0,135.0,81.0,64.0,115.0,69.0,
115,7.0,90.0,112.0,88.0,88.0,65.0,62.0,98.0,
99,61.0,50.0,96.0,38.0,92.0,115.0,37.0,83.0,
66,31.0,118.0,31.0,94.0,23.0,74.0,103.0,77.0,
68,138.0,36.0,29.0,54.0,90.0,161.0,89.0,43.0,
52,136.0,94.0,56.0,26.0,79.0,73.0,49.0,70.0,
30,28.0,89.0,71.0,93.0,55.0,26.0,124.0,58.0,
140,15.0,21.0,70.0,100.0,89.0,44.0,91.0,114.0,
67,67.0,56.0,83.0,95.0,49.0,44.0,84.0,75.0,
123,113.0,9.0,152.0,30.0,109.0,101.0,84.0,139.0,
80,91.0,48.0,94.0,115.0,42.0,131.0,70.0,84.0,
103,17.0,86.0,120.0,55.0,122.0,44.0,85.0,61.0,
105,95.0,88.0,97.0,45.0,45.0,82.0,22.0,110.0,
152,80.0,23.0,105.0,78.0,58.0,78.0,36.0,63.0,
72,33.0,71.0,6.0,38.0,119.0,84.0,48.0,113.0,
72,62.0,9.0,23.0,97.0,119.0,55.0,81.0,41.0,
51,64.0,116.0,115.0,55.0,76.0,10.0,56.0,112.0,
155,74.0,22.0,110.0,42.0,82.0,61.0,25.0,70.0,
70,113.0,67.0,112.0,58.0,37.0,81.0,99.0,81.0,
93,52.0,73.0,50.0,45.0,103.0,81.0,69.0,64.0,
52,34.0,102.0,46.0,141.0,96.0,117.0,94.0,99.0,
84,107.0,107.0,86.0,120.0,62.0,43.0,114.0,79.0,
21,106.0,143.0,58.0,35.0,75.0,55.0,71.0,84.0,
98,45.0,40.0,55.0,71.0,43.0,82.0,151.0,63.0,
70,32.0,70.0,74.0,88.0,43.0,89.0,27.0,22.0,
7,11.0,83.0,128.0,92.0,40.0,82.0,97.0,146.0,
38,37.0,110.0,39.0,122.0,95.0,94.0,51.0,39.0,
101,24.0,111.0,68.0,127.0,60.0,69.0,42.0,92.0,
80,138.0,133.0,33.0,103.0,89.0,89.0,86.0,67.0,
33,102.0,39.0,106.0,102.0,90.0,49.0,47.0,82.0,
67,71.0,123.0,40.0,95.0,91.0,123.0,100.0,89.0,
73,10.0,125.0,86.0,115.0,120.0,59.0,98.0,22.0,
38,83.0,44.0,79.0,31.0,11.0,76.0,132.0,92.0,
42,16.0,34.0,61.0,9.0,39.0,66.0,94.0,36.0,
25,56.0,116.0,23.0,5.0,35.0,32.0,116.0,123.0,
55,150.0,12.0,21.0,91.0,106.0,33.0,93.0,81.0,
102,40.0,66.0,32.0,94.0,63.0,17.0,115.0,42.0,
58,70.0,48.0,83.0,34.0,78.0,28.0,75.0,88.0,
82,135.0,80.0,31.0,57.0,43.0,79.0,89.0,134.0,
34,107.0,121.0,17.0,103.0,102.0,70.0,76.0,64.0,
110,103.0,94.0,124.0,35.0,54.0,35.0,43.0,94.0,
24,99.0,78.0,108.0,51.0,90.0,63.0,13.0,71.0,
43,31.0,21.0,28.0,59.0,69.0,86.0,30.0,59.0,
68,153.0,68.0,47.0,158.0,112.0,73.0,54.0,75.0,
101,35.0,35.0,74.0,142.0,72.0,98.0,83.0,72.0,
78,55.0,66.0,19.0,163.0,129.0,30.0,104.0,43.0,
162,112.0,144.0,78.0,147.0,98.0,52.0,87.0,66.0,
91,89.0,136.0,25.0,42.0,41.0,29.0,36.0,62.0,
164,54.0,48.0,38.0,134.0,41.0,76.0,84.0,79.0,
37,53.0,63.0,109.0,13.0,37.0,94.0,73.0,77.0,
52,60.0,105.0,1.0,51.0,79.0,75.0,71.0,94.0,
31,54.0,30.0,52.0,129.0,151.0,100.0,74.0,89.0,
87,69.0,39.0,31.0,49.0,33.0,80.0,96.0,127.0,
96,58.0,97.0,12.0,19.0,54.0,67.0,99.0,92.0,
72,142.0,61.0,43.0,37.0,135.0,53.0,85.0,130.0,
77,93.0,112.0,66.0,66.0,91.0,26.0,81.0,110.0,
102,139.0,113.0,26.0,58.0,62.0,96.0,77.0,71.0,
8,113.0,88.0,41.0,36.0,63.0,71.0,103.0,92.0,
15,62.0,57.0,125.0,70.0,30.0,95.0,104.0,105.0,
18,69.0,116.0,91.0,95.0,47.0,68.0,78.0,45.0,
43,110.0,72.0,153.0,73.0,11.0,33.0,92.0,30.0,
25,119.0,22.0,43.0,69.0,39.0,108.0,50.0,72.0,
111,109.0,97.0,125.0,13.0,46.0,35.0,52.0,73.0,
90,74.0,123.0,61.0,11.0,72.0,104.0,99.0,118.0,
82,73.0,36.0,123.0,27.0,35.0,64.0,27.0,49.0,
76,88.0,76.0,110.0,68.0,79.0,28.0,38.0,147.0,
74,30.0,110.0,78.0,83.0,57.0,79.0,126.0,62.0,
162,91.0,32.0,100.0,48.0,44.0,91.0,106.0,78.0,
78,103.0,156.0,52.0,38.0,76.0,125.0,72.0,62.0,
34,118.0,57.0,74.0,69.0,23.0,63.0,91.0,144.0,
82,149.0,10.0,54.0,57.0,97.0,93.0,38.0,115.0,
46,66.0,29.0,37.0,76.0,46.0,81.0,64.0,42.0,
80,155.0,32.0,80.0,135.0,6.0,42.0,97.0,,
100,91.0,99.0,120.0,90.0,87.0,106.0,69.0,,
76,55.0,80.0,73.0,67.0,97.0,70.0,64.0,,
106,20.0,93.0,50.0,89.0,100.0,88.0,45.0,,
69,17.0,89.0,44.0,9.0,71.0,111.0,98.0,,
136,137.0,38.0,22.0,91.0,89.0,49.0,81.0,,
104,93.0,104.0,112.0,52.0,49.0,47.0,79.0,,
67,109.0,77.0,59.0,52.0,84.0,66.0,87.0,,
10,75.0,19.0,35.0,102.0,78.0,108.0,28.0,,
33,135.0,26.0,78.0,99.0,107.0,48.0,57.0,,
17,106.0,42.0,105.0,98.0,59.0,97.0,22.0,,
60,46.0,40.0,87.0,41.0,41.0,83.0,106.0,,
57,66.0,21.0,60.0,99.0,59.0,71.0,121.0,,
92,38.0,147.0,62.0,99.0,157.0,90.0,56.0,,
114,52.0,102.0,3.0,109.0,0.0,49.0,14.0,,
63,119.0,57.0,101.0,115.0,41.0,31.0,56.0,,
15,84.0,16.0,52.0,34.0,48.0,43.0,55.0,,
85,105.0,124.0,129.0,78.0,46.0,21.0,113.0,,
114,59.0,108.0,89.0,21.0,24.0,77.0,66.0,,
136,59.0,78.0,51.0,98.0,140.0,118.0,83.0,,
110,56.0,32.0,100.0,84.0,53.0,86.0,82.0,,
99,30.0,69.0,43.0,59.0,34.0,120.0,106.0,,
77,145.0,70.0,95.0,21.0,53.0,72.0,81.0,,
24,98.0,69.0,36.0,42.0,78.0,50.0,121.0,,
37,149.0,54.0,134.0,43.0,74.0,108.0,77.0,,
113,66.0,106.0,70.0,86.0,44.0,93.0,67.0,,
51,35.0,146.0,91.0,93.0,111.0,64.0,111.0,,
159,88.0,106.0,50.0,102.0,40.0,103.0,9.0,,
24,69.0,156.0,102.0,42.0,80.0,59.0,73.0,,
35,30.0,58.0,67.0,61.0,59.0,120.0,67.0,,
144,81.0,13.0,25.0,110.0,132.0,95.0,71.0,,
24,86.0,25.0,75.0,75.0,44.0,65.0,77.0,,
94,22.0,126.0,126.0,83.0,80.0,48.0,56.0,,
159,157.0,47.0,151.0,127.0,70.0,115.0,43.0,,
101,17.0,32.0,106.0,87.0,80.0,46.0,146.0,,
130,106.0,119.0,90.0,135.0,55.0,57.0,27.0,,
158,126.0,47.0,82.0,41.0,67.0,112.0,66.0,,
104,114.0,75.0,128.0,108.0,35.0,114.0,95.0,,
21,144.0,82.0,93.0,1.0,68.0,52.0,108.0,,
56,103.0,123.0,104.0,56.0,64.0,60.0,131.0,,
145,55.0,128.0,96.0,101.0,95.0,63.0,40.0,,
62,110.0,58.0,68.0,30.0,22.0,36.0,110.0,,
92,91.0,90.0,69.0,43.0,90.0,77.0,72.0,,
73,131.0,103.0,94.0,48.0,83.0,66.0,33.0,,
59,56.0,22.0,34.0,30.0,51.0,99.0,115.0,,
30,50.0,92.0,88.0,139.0,102.0,91.0,91.0,,
108,149.0,94.0,55.0,101.0,70.0,83.0,128.0,,
86,98.0,137.0,125.0,133.0,18.0,38.0,92.0,,
78,123.0,22.0,14.0,116.0,159.0,92.0,73.0,,
77,29.0,73.0,90.0,69.0,70.0,90.0,65.0,,
68,51.0,111.0,56.0,106.0,73.0,23.0,77.0,,
56,90.0,62.0,97.0,58.0,80.0,99.0,81.0,,
144,53.0,70.0,21.0,63.0,67.0,95.0,37.0,,
83,153.0,98.0,78.0,25.0,126.0,66.0,65.0,,
22,28.0,77.0,37.0,39.0,121.0,91.0,61.0,,
61,53.0,95.0,78.0,45.0,70.0,108.0,107.0,,
65,134.0,34.0,21.0,65.0,104.0,38.0,41.0,,
116,29.0,57.0,110.0,80.0,98.0,66.0,38.0,,
52,60.0,90.0,129.0,41.0,40.0,87.0,26.0,,
45,54.0,77.0,52.0,89.0,42.0,131.0,45.0,,
106,43.0,139.0,121.0,91.0,82.0,22.0,83.0,,
110,34.0,61.0,50.0,101.0,91.0,25.0,131.0,,
100,91.0,109.0,68.0,56.0,68.0,91.0,52.0,,
99,158.0,45.0,99.0,14.0,55.0,103.0,49.0,,
105,62.0,88.0,48.0,39.0,95.0,44.0,120.0,,
85,57.0,71.0,68.0,89.0,104.0,62.0,89.0,,
107,124.0,101.0,89.0,127.0,91.0,47.0,84.0,,
99,57.0,27.0,17.0,70.0,50.0,37.0,100.0,,
122,65.0,68.0,83.0,13.0,33.0,101.0,20.0,,
160,21.0,97.0,71.0,73.0,109.0,88.0,66.0,,
30,88.0,92.0,90.0,97.0,64.0,105.0,55.0,,
26,53.0,150.0,55.0,84.0,17.0,55.0,67.0,,
55,54.0,36.0,127.0,69.0,95.0,52.0,35.0,,
34,35.0,19.0,34.0,101.0,40.0,50.0,86.0,,
92,34.0,115.0,79.0,57.0,106.0,116.0,121.0,,
71,82.0,47.0,27.0,99.0,76.0,129.0,111.0,,
18,75.0,62.0,151.0,35.0,76.0,39.0,77.0,,
108,3.0,132.0,149.0,51.0,89.0,109.0,111.0,,
71,45.0,25.0,43.0,39.0,72.0,53.0,73.0,,
48,133.0,95.0,81.0,44.0,91.0,146.0,111.0,,
94,78.0,27.0,77.0,135.0,86.0,94.0,101.0,,
107,75.0,90.0,118.0,51.0,60.0,57.0,29.0,,
19,16.0,97.0,73.0,13.0,86.0,45.0,87.0,,
156,139.0,108.0,109.0,50.0,134.0,111.0,56.0,,
58,79.0,57.0,21.0,104.0,143.0,65.0,106.0,,
104,26.0,52.0,80.0,91.0,80.0,96.0,40.0,,
76,107.0,33.0,26.0,59.0,91.0,111.0,34.0,,
113,17.0,13.0,46.0,81.0,49.0,92.0,49.0,,
64,13.0,134.0,73.0,75.0,43.0,74.0,80.0,,
56,81.0,115.0,78.0,80.0,87.0,60.0,107.0,,
49,161.0,84.0,13.0,39.0,16.0,48.0,61.0,,
113,97.0,60.0,143.0,78.0,58.0,37.0,93.0,,
57,49.0,69.0,44.0,46.0,81.0,91.0,77.0,,
16,47.0,109.0,113.0,80.0,108.0,90.0,64.0,,
127,54.0,54.0,146.0,65.0,91.0,82.0,133.0,,
59,67.0,73.0,47.0,73.0,77.0,102.0,91.0,,
87,32.0,28.0,61.0,31.0,88.0,77.0,65.0,,
107,140.0,13.0,133.0,12.0,30.0,94.0,38.0,,
122,80.0,34.0,26.0,36.0,60.0,109.0,63.0,,
62,138.0,37.0,50.0,92.0,42.0,116.0,55.0,,
28,82.0,27.0,41.0,64.0,9.0,96.0,101.0,,
13,26.0,43.0,119.0,35.0,91.0,65.0,83.0,,
100,75.0,94.0,32.0,135.0,79.0,55.0,102.0,,
66,51.0,37.0,113.0,160.0,102.0,61.0,69.0,,
54,53.0,26.0,158.0,93.0,98.0,80.0,105.0,,
98,66.0,95.0,47.0,113.0,95.0,112.0,76.0,,
27,100.0,80.0,54.0,70.0,123.0,43.0,129.0,,
35,154.0,37.0,42.0,23.0,124.0,36.0,56.0,,
76,127.0,96.0,54.0,20.0,97.0,29.0,34.0,,
78,142.0,80.0,107.0,134.0,67.0,101.0,76.0,,
27,31.0,131.0,108.0,84.0,76.0,23.0,23.0,,
7,118.0,137.0,118.0,111.0,29.0,109.0,36.0,,
108,135.0,57.0,33.0,80.0,79.0,86.0,67.0,,
83,72.0,26.0,80.0,113.0,116.0,64.0,94.0,,
28,51.0,26.0,44.0,68.0,128.0,89.0,23.0,,
80,19.0,19.0,140.0,138.0,60.0,10.0,144.0,,
104,67.0,118.0,104.0,99.0,17.0,94.0,30.0,,
99,36.0,52.0,66.0,108.0,138.0,63.0,59.0,,
114,108.0,127.0,34.0,121.0,41.0,50.0,92.0,,
96,39.0,42.0,43.0,70.0,101.0,55.0,94.0,,
97,102.0,32.0,16.0,50.0,47.0,74.0,111.0,,
68,19.0,57.0,53.0,54.0,31.0,98.0,24.0,,
143,123.0,51.0,128.0,87.0,89.0,131.0,87.0,,
121,29.0,87.0,119.0,43.0,75.0,50.0,85.0,,
23,37.0,141.0,68.0,122.0,105.0,54.0,126.0,,
52,51.0,141.0,107.0,48.0,17.0,59.0,100.0,,
19,6.0,91.0,37.0,51.0,100.0,37.0,26.0,,
90,41.0,89.0,90.0,116.0,93.0,43.0,58.0,,
22,36.0,8.0,67.0,137.0,73.0,144.0,98.0,,
88,74.0,101.0,124.0,112.0,45.0,128.0,110.0,,
33,106.0,112.0,74.0,124.0,66.0,78.0,35.0,,
5,65.0,105.0,58.0,121.0,99.0,103.0,76.0,,
52,92.0,81.0,105.0,71.0,49.0,77.0,45.0,,
88,60.0,116.0,86.0,45.0,69.0,83.0,52.0,,
115,43.0,67.0,96.0,100.0,107.0,89.0,45.0,,
64,11.0,115.0,43.0,109.0,85.0,129.0,55.0,,
96,8.0,88.0,51.0,104.0,85.0,81.0,64.0,,
139,45.0,79.0,144.0,92.0,55.0,27.0,100.0,,
72,36.0,14.0,77.0,41.0,85.0,37.0,90.0,,
21,125.0,89.0,50.0,40.0,18.0,90.0,67.0,,
24,78.0,62.0,100.0,49.0,38.0,34.0,128.0,,
127,61.0,141.0,86.0,118.0,101.0,119.0,64.0,,
136,115.0,6.0,113.0,134.0,127.0,64.0,86.0,,
27,68.0,81.0,54.0,76.0,157.0,35.0,31.0,,
46,114.0,42.0,80.0,79.0,108.0,12.0,52.0,,
88,135.0,35.0,159.0,73.0,72.0,57.0,28.0,,
59,61.0,134.0,21.0,22.0,28.0,81.0,97.0,,
24,69.0,43.0,126.0,84.0,131.0,4.0,68.0,,
81,51.0,138.0,76.0,44.0,73.0,111.0,89.0,,
97,67.0,29.0,124.0,109.0,57.0,107.0,91.0,,
27,82.0,23.0,8.0,23.0,112.0,63.0,54.0,,
98,24.0,27.0,58.0,14.0,82.0,55.0,99.0,,
83,61.0,67.0,57.0,73.0,19.0,73.0,114.0,,
21,151.0,128.0,85.0,28.0,120.0,31.0,95.0,,
38,25.0,150.0,114.0,71.0,131.0,69.0,117.0,,
56,67.0,10.0,109.0,12.0,104.0,93.0,72.0,,
155,50.0,77.0,7.0,98.0,104.0,107.0,139.0,,
86,89.0,43.0,89.0,114.0,62.0,52.0,76.0,,
87,143.0,100.0,112.0,44.0,39.0,66.0,78.0,,
68,126.0,81.0,82.0,93.0,63.0,77.0,64.0,,
165,24.0,93.0,150.0,100.0,108.0,72.0,105.0,,
117,109.0,55.0,88.0,65.0,48.0,66.0,126.0,,
82,53.0,35.0,67.0,108.0,43.0,50.0,58.0,,
93,55.0,29.0,32.0,70.0,104.0,53.0,106.0,,
116,109.0,31.0,63.0,27.0,109.0,87.0,93.0,,
121,84.0,42.0,30.0,87.0,104.0,38.0,54.0,,
76,20.0,44.0,47.0,43.0,91.0,48.0,117.0,,
69,72.0,46.0,127.0,117.0,118.0,72.0,108.0,,
129,136.0,89.0,145.0,75.0,61.0,90.0,65.0,,
80,142.0,49.0,29.0,112.0,15.0,94.0,8.0,,
131,69.0,66.0,51.0,109.0,35.0,122.0,86.0,,
73,60.0,142.0,93.0,77.0,70.0,12.0,45.0,,
115,50.0,64.0,73.0,65.0,65.0,41.0,96.0,,
18,23.0,61.0,34.0,129.0,83.0,63.0,67.0,,
70,68.0,75.0,99.0,73.0,23.0,16.0,107.0,,
68,3.0,91.0,63.0,116.0,48.0,26.0,132.0,,
45,141.0,41.0,61.0,30.0,91.0,106.0,33.0,,
108,51.0,132.0,78.0,23.0,69.0,61.0,25.0,,
89,49.0,14.0,99.0,101.0,70.0,71.0,85.0,,
101,64.0,61.0,69.0,63.0,108.0,72.0,59.0,,
144,90.0,39.0,82.0,40.0,24.0,68.0,124.0,,
46,66.0,123.0,44.0,117.0,23.0,64.0,111.0,,
57,21.0,111.0,68.0,65.0,50.0,66.0,84.0,,
39,26.0,153.0,45.0,87.0,33.0,44.0,97.0,,
81,62.0,44.0,73.0,70.0,82.0,5.0,68.0,,
21,93.0,96.0,23.0,134.0,75.0,72.0,105.0,,
146,129.0,124.0,28.0,108.0,61.0,44.0,58.0,,
86,108.0,72.0,123.0,110.0,32.0,149.0,91.0,,
17,34.0,104.0,111.0,49.0,29.0,112.0,38.0,,
75,126.0,52.0,69.0,62.0,55.0,44.0,,,
61,92.0,127.0,74.0,62.0,49.0,83.0,,,
44,37.0,140.0,111.0,56.0,97.0,25.0,,,
81,91.0,17.0,40.0,66.0,60.0,82.0,,,
144,28.0,22.0,87.0,94.0,84.0,73.0,,,
41,114.0,159.0,109.0,70.0,89.0,91.0,,,
28,38.0,51.0,50.0,120.0,59.0,67.0,,,
12,74.0,53.0,86.0,44.0,66.0,113.0,,,
18,22.0,80.0,27.0,149.0,62.0,47.0,,,
60,52.0,34.0,103.0,130.0,90.0,74.0,,,
117,88.0,25.0,149.0,77.0,31.0,56.0,,,
13,72.0,98.0,53.0,55.0,145.0,79.0,,,
33,34.0,73.0,67.0,33.0,38.0,53.0,,,
59,88.0,30.0,50.0,40.0,87.0,95.0,,,
44,94.0,146.0,123.0,41.0,93.0,118.0,,,
65,71.0,5.0,132.0,68.0,36.0,85.0,,,
28,83.0,105.0,36.0,78.0,122.0,63.0,,,
23,56.0,57.0,160.0,111.0,135.0,81.0,,,
134,91.0,65.0,37.0,111.0,35.0,45.0,,,
90,163.0,71.0,14.0,62.0,102.0,26.0,,,
154,157.0,58.0,87.0,39.0,105.0,110.0,,,
44,89.0,81.0,105.0,72.0,134.0,74.0,,,
33,39.0,95.0,75.0,111.0,106.0,64.0,,,
12,133.0,61.0,47.0,126.0,57.0,89.0,,,
67,42.0,50.0,89.0,63.0,72.0,114.0,,,
88,29.0,92.0,46.0,135.0,96.0,45.0,,,
145,109.0,80.0,100.0,65.0,90.0,70.0,,,
108,53.0,96.0,121.0,24.0,61.0,62.0,,,
86,65.0,78.0,102.0,70.0,160.0,77.0,,,
105,134.0,120.0,55.0,85.0,47.0,132.0,,,
55,93.0,145.0,78.0,134.0,72.0,83.0,,,
37,141.0,60.0,59.0,40.0,42.0,54.0,,,
127,125.0,125.0,22.0,55.0,85.0,88.0,,,
58,28.0,85.0,108.0,87.0,48.0,78.0,,,
24,80.0,54.0,77.0,45.0,38.0,80.0,,,
19,25.0,143.0,66.0,24.0,105.0,46.0,,,
29,106.0,70.0,89.0,95.0,10.0,85.0,,,
46,29.0,122.0,59.0,43.0,34.0,128.0,,,
154,96.0,13.0,67.0,152.0,16.0,43.0,,,
61,64.0,68.0,20.0,22.0,81.0,43.0,,,
71,93.0,103.0,59.0,86.0,47.0,110.0,,,
109,33.0,144.0,59.0,75.0,78.0,102.0,,,
101,140.0,76.0,57.0,18.0,97.0,110.0,,,
56,22.0,128.0,91.0,140.0,89.0,108.0,,,
79,103.0,157.0,140.0,142.0,33.0,59.0,,,
89,63.0,110.0,109.0,81.0,107.0,9.0,,,
155,27.0,117.0,46.0,39.0,86.0,91.0,,,
54,137.0,20.0,78.0,32.0,121.0,67.0,,,
18,10.0,14.0,95.0,80.0,71.0,17.0,,,
31,142.0,46.0,69.0,104.0,8.0,73.0,,,
158,114.0,82.0,21.0,131.0,128.0,73.0,,,
67,85.0,36.0,25.0,90.0,127.0,39.0,,,
124,60.0,151.0,63.0,23.0,128.0,16.0,,,
119,67.0,30.0,21.0,35.0,86.0,110.0,,,
30,106.0,51.0,153.0,100.0,46.0,77.0,,,
42,15.0,106.0,114.0,67.0,137.0,82.0,,,
6,69.0,26.0,45.0,30.0,49.0,147.0,,,
97,102.0,74.0,30.0,56.0,105.0,91.0,,,
156,131.0,11.0,45.0,39.0,70.0,45.0,,,
53,32.0,10.0,48.0,39.0,51.0,71.0,,,
73,57.0,157.0,112.0,49.0,73.0,89.0,,,
75,107.0,160.0,38.0,32.0,42.0,46.0,,,
114,135.0,117.0,91.0,46.0,53.0,43.0,,,
52,97.0,55.0,116.0,29.0,53.0,92.0,,,
63,40.0,39.0,128.0,64.0,64.0,116.0,,,
81,158.0,93.0,46.0,82.0,81.0,19.0,,,
49,120.0,96.0,29.0,30.0,96.0,115.0,,,
68,71.0,26.0,23.0,32.0,60.0,48.0,,,
125,53.0,88.0,32.0,72.0,86.0,68.0,,,
58,118.0,87.0,28.0,73.0,38.0,36.0,,,
64,106.0,88.0,33.0,123.0,50.0,30.0,,,
132,116.0,31.0,50.0,68.0,133.0,98.0,,,
54,125.0,74.0,18.0,14.0,21.0,92.0,,,
126,68.0,19.0,40.0,41.0,101.0,42.0,,,
109,112.0,122.0,109.0,39.0,81.0,70.0,,,
115,135.0,38.0,140.0,25.0,72.0,129.0,,,
83,106.0,121.0,123.0,58.0,47.0,73.0,,,
159,81.0,50.0,70.0,79.0,90.0,44.0,,,
76,25.0,135.0,72.0,85.0,108.0,69.0,,,
38,102.0,88.0,39.0,68.0,69.0,79.0,,,
22,70.0,71.0,13.0,42.0,82.0,29.0,,,
100,103.0,25.0,13.0,101.0,101.0,50.0,,,
119,140.0,112.0,98.0,91.0,88.0,47.0,,,
20,69.0,105.0,67.0,20.0,83.0,70.0,,,
66,38.0,18.0,58.0,14.0,104.0,70.0,,,
154,85.0,94.0,103.0,53.0,70.0,91.0,,,
49,50.0,44.0,149.0,40.0,40.0,28.0,,,
98,87.0,9.0,48.0,59.0,90.0,81.0,,,
79,70.0,79.0,35.0,22.0,73.0,37.0,,,
25,54.0,26.0,46.0,69.0,102.0,105.0,,,
111,43.0,65.0,19.0,69.0,60.0,125.0,,,
106,115.0,41.0,92.0,72.0,48.0,11.0,,,
54,139.0,69.0,74.0,69.0,97.0,64.0,,,
93,19.0,93.0,29.0,129.0,60.0,83.0,,,
54,18.0,108.0,48.0,74.0,61.0,123.0,,,
73,30.0,101.0,44.0,108.0,43.0,90.0,,,
139,61.0,83.0,57.0,122.0,115.0,113.0,,,
77,30.0,84.0,113.0,138.0,62.0,96.0,,,
112,61.0,95.0,104.0,135.0,57.0,51.0,,,
60,101.0,37.0,88.0,109.0,64.0,86.0,,,
43,19.0,145.0,113.0,54.0,54.0,48.0,,,
112,69.0,91.0,52.0,115.0,104.0,62.0,,,
25,115.0,37.0,39.0,98.0,75.0,85.0,,,
104,41.0,112.0,77.0,70.0,128.0,83.0,,,
15,36.0,78.0,144.0,79.0,121.0,85.0,,,
142,149.0,45.0,137.0,129.0,58.0,49.0,,,
53,35.0,106.0,77.0,126.0,27.0,46.0,,,
19,114.0,106.0,126.0,105.0,45.0,115.0,,,
53,20.0,124.0,93.0,79.0,33.0,68.0,,,
85,75.0,61.0,13.0,49.0,66.0,7.0,,,
52,96.0,36.0,31.0,128.0,78.0,13.0,,,
91,67.0,124.0,126.0,63.0,33.0,79.0,,,
115,13.0,139.0,7.0,77.0,24.0,152.0,,,
59,66.0,48.0,29.0,74.0,84.0,86.0,,,
150,30.0,99.0,103.0,112.0,149.0,64.0,,,
58,67.0,66.0,26.0,89.0,128.0,120.0,,,
110,16.0,132.0,146.0,64.0,53.0,102.0,,,
36,11.0,97.0,32.0,20.0,120.0,99.0,,,
61,70.0,20.0,69.0,84.0,33.0,95.0,,,
70,84.0,106.0,43.0,68.0,20.0,54.0,,,
76,104.0,64.0,13.0,125.0,68.0,28.0,,,
79,106.0,81.0,117.0,11.0,107.0,77.0,,,
128,40.0,96.0,94.0,50.0,16.0,92.0,,,
54,133.0,17.0,51.0,13.0,83.0,88.0,,,
107,133.0,112.0,99.0,114.0,71.0,37.0,,,
95,62.0,109.0,155.0,106.0,87.0,62.0,,,
99,25.0,36.0,53.0,90.0,74.0,149.0,,,
164,75.0,110.0,23.0,91.0,67.0,103.0,,,
80,113.0,35.0,18.0,81.0,58.0,56.0,,,
64,72.0,91.0,61.0,74.0,60.0,65.0,,,
92,82.0,103.0,145.0,20.0,71.0,93.0,,,
154,74.0,81.0,101.0,96.0,46.0,80.0,,,
107,43.0,40.0,59.0,92.0,86.0,74.0,,,
123,14.0,136.0,25.0,84.0,99.0,76.0,,,
85,107.0,125.0,68.0,78.0,135.0,73.0,,,
80,17.0,92.0,67.0,137.0,91.0,151.0,,,
66,54.0,89.0,61.0,93.0,57.0,46.0,,,
147,44.0,107.0,30.0,70.0,136.0,116.0,,,
88,39.0,94.0,43.0,60.0,45.0,70.0,,,
58,79.0,143.0,118.0,47.0,4.0,49.0,,,
95,84.0,105.0,5.0,76.0,72.0,84.0,,,
164,78.0,78.0,148.0,52.0,60.0,114.0,,,
136,20.0,64.0,77.0,133.0,51.0,90.0,,,
5,24.0,92.0,105.0,32.0,21.0,124.0,,,
34,159.0,143.0,68.0,98.0,33.0,121.0,,,
63,118.0,59.0,50.0,57.0,97.0,59.0,,,
123,29.0,36.0,108.0,132.0,89.0,34.0,,,
122,153.0,94.0,104.0,112.0,67.0,91.0,,,
77,38.0,66.0,111.0,52.0,77.0,29.0,,,
125,49.0,30.0,52.0,79.0,92.0,113.0,,,
76,4.0,49.0,65.0,20.0,23.0,59.0,,,
10,68.0,45.0,130.0,76.0,82.0,77.0,,,
62,74.0,77.0,121.0,142.0,71.0,78.0,,,
102,65.0,81.0,80.0,92.0,109.0,83.0,,,
52,104.0,69.0,51.0,47.0,104.0,94.0,,,
69,162.0,104.0,47.0,71.0,54.0,49.0,,,
136,96.0,138.0,136.0,116.0,87.0,72.0,,,
136,133.0,53.0,68.0,110.0,121.0,77.0,,,
39,22.0,82.0,43.0,125.0,137.0,54.0,,,
48,39.0,27.0,50.0,97.0,109.0,55.0,,,
104,44.0,42.0,83.0,112.0,140.0,91.0,,,
56,41.0,70.0,24.0,115.0,124.0,42.0,,,
124,100.0,85.0,152.0,56.0,107.0,42.0,,,
55,68.0,44.0,59.0,46.0,89.0,55.0,,,
29,90.0,69.0,140.0,38.0,120.0,102.0,,,
41,120.0,34.0,20.0,12.0,71.0,69.0,,,
21,65.0,73.0,59.0,95.0,41.0,82.0,,,
36,109.0,116.0,60.0,66.0,38.0,18.0,,,
76,32.0,59.0,90.0,40.0,142.0,57.0,,,
29,93.0,47.0,79.0,83.0,43.0,91.0,,,
93,108.0,67.0,70.0,117.0,47.0,88.0,,,
89,69.0,15.0,4.0,28.0,93.0,95.0,,,
102,107.0,95.0,108.0,49.0,132.0,83.0,,,
66,118.0,30.0,64.0,90.0,31.0,101.0,,,
130,84.0,125.0,36.0,15.0,116.0,89.0,,,
70,103.0,89.0,40.0,105.0,108.0,70.0,,,
10,92.0,79.0,100.0,73.0,59.0,43.0,,,
160,71.0,162.0,78.0,40.0,123.0,69.0,,,
135,126.0,54.0,16.0,32.0,38.0,89.0,,,
80,46.0,71.0,133.0,66.0,111.0,24.0,,,
35,94.0,147.0,9.0,132.0,97.0,61.0,,,
86,92.0,88.0,42.0,117.0,46.0,102.0,,,
47,48.0,86.0,24.0,54.0,90.0,122.0,,,
16,89.0,86.0,18.0,35.0,87.0,109.0,,,
144,128.0,133.0,42.0,31.0,91.0,91.0,,,
79,134.0,67.0,79.0,70.0,80.0,61.0,,,
113,75.0,66.0,39.0,155.0,48.0,71.0,,,
13,51.0,85.0,16.0,92.0,147.0,48.0,,,
7,99.0,11.0,30.0,95.0,53.0,34.0,,,
55,63.0,96.0,54.0,99.0,92.0,67.0,,,
111,46.0,61.0,24.0,125.0,94.0,58.0,,,
24,144.0,48.0,59.0,96.0,103.0,62.0,,,
69,114.0,135.0,137.0,87.0,3.0,84.0,,,
85,94.0,61.0,106.0,2.0,73.0,29.0,,,
40,55.0,71.0,19.0,22.0,95.0,86.0,,,
55,36.0,68.0,112.0,35.0,77.0,39.0,,,
14,115.0,15.0,38.0,80.0,19.0,10.0,,,
103,25.0,56.0,78.0,67.0,21.0,42.0,,,
47,69.0,144.0,94.0,27.0,41.0,76.0,,,
25,162.0,34.0,98.0,23.0,105.0,51.0,,,
72,55.0,71.0,126.0,47.0,94.0,41.0,,,
36,56.0,33.0,72.0,100.0,120.0,45.0,,,
72,110.0,87.0,54.0,32.0,71.0,62.0,,,
71,117.0,106.0,36.0,97.0,56.0,101.0,,,
51,86.0,59.0,37.0,50.0,26.0,68.0,,,
159,104.0,110.0,71.0,62.0,127.0,54.0,,,
53,78.0,23.0,69.0,92.0,63.0,86.0,,,
57,25.0,116.0,10.0,109.0,12.0,38.0,,,
37,100.0,35.0,27.0,146.0,62.0,51.0,,,
51,23.0,41.0,97.0,86.0,66.0,88.0,,,
74,98.0,127.0,70.0,104.0,78.0,71.0,,,
79,150.0,27.0,11.0,39.0,125.0,75.0,,,
111,101.0,50.0,25.0,32.0,18.0,53.0,,,
103,136.0,121.0,91.0,100.0,35.0,149.0,,,
89,88.0,100.0,122.0,56.0,35.0,33.0,,,
131,76.0,109.0,68.0,103.0,63.0,84.0,,,
101,32.0,61.0,40.0,130.0,73.0,105.0,,,
57,24.0,153.0,114.0,71.0,57.0,45.0,,,
44,58.0,86.0,76.0,29.0,130.0,72.0,,,
89,49.0,77.0,120.0,42.0,129.0,72.0,,,
26,37.0,49.0,55.0,97.0,47.0,47.0,,,
79,120.0,52.0,49.0,28.0,16.0,83.0,,,
163,26.0,39.0,3.0,115.0,148.0,144.0,,,
119,115.0,91.0,118.0,110.0,79.0,125.0,,,
12,165.0,54.0,81.0,47.0,39.0,64.0,,,
167,117.0,52.0,60.0,96.0,125.0,37.0,,,
13,75.0,8.0,104.0,59.0,127.0,74.0,,,
147,43.0,125.0,34.0,18.0,37.0,88.0,,,
29,73.0,83.0,29.0,72.0,136.0,88.0,,,
95,21.0,113.0,87.0,59.0,85.0,85.0,,,
157,100.0,34.0,97.0,33.0,137.0,127.0,,,
80,59.0,16.0,97.0,100.0,101.0,53.0,,,
31,68.0,97.0,58.0,76.0,86.0,96.0,,,
94,59.0,62.0,102.0,47.0,97.0,107.0,,,
118,47.0,115.0,45.0,64.0,57.0,78.0,,,
67,36.0,18.0,24.0,25.0,107.0,71.0,,,
132,80.0,79.0,16.0,26.0,83.0,45.0,,,
138,131.0,68.0,24.0,80.0,96.0,60.0,,,
100,93.0,25.0,68.0,46.0,69.0,97.0,,,
68,17.0,52.0,46.0,25.0,92.0,54.0,,,
81,105.0,138.0,4.0,104.0,111.0,90.0,,,
60,70.0,15.0,114.0,67.0,115.0,110.0,,,
95,14.0,136.0,43.0,69.0,20.0,35.0,,,
100,106.0,94.0,115.0,42.0,123.0,103.0,,,
105,124.0,98.0,101.0,121.0,17.0,97.0,,,
20,29.0,89.0,37.0,133.0,94.0,83.0,,,
78,61.0,42.0,93.0,84.0,87.0,32.0,,,
150,33.0,125.0,0.0,67.0,40.0,65.0,,,
39,46.0,110.0,118.0,79.0,67.0,57.0,,,
45,19.0,90.0,96.0,53.0,8.0,36.0,,,
155,69.0,77.0,32.0,140.0,45.0,53.0,,,
125,160.0,49.0,72.0,27.0,42.0,50.0,,,
81,102.0,4.0,72.0,86.0,82.0,9.0,,,
66,52.0,95.0,16.0,71.0,91.0,54.0,,,
142,52.0,98.0,30.0,47.0,31.0,118.0,,,
85,139.0,104.0,51.0,98.0,96.0,22.0,,,
69,18.0,26.0,36.0,7.0,74.0,66.0,,,
62,78.0,122.0,69.0,114.0,69.0,85.0,,,
97,128.0,53.0,88.0,32.0,16.0,82.0,,,
7,52.0,98.0,37.0,75.0,32.0,58.0,,,
82,45.0,116.0,51.0,92.0,67.0,148.0,,,
63,75.0,92.0,125.0,88.0,37.0,100.0,,,
73,108.0,28.0,89.0,143.0,31.0,14.0,,,
159,22.0,111.0,134.0,117.0,73.0,53.0,,,
73,72.0,42.0,39.0,66.0,71.0,111.0,,,
18,70.0,61.0,97.0,19.0,43.0,108.0,,,
156,35.0,49.0,98.0,100.0,53.0,92.0,,,
101,73.0,84.0,98.0,50.0,105.0,17.0,,,
45,130.0,22.0,37.0,34.0,87.0,84.0,,,
65,91.0,34.0,110.0,97.0,33.0,49.0,,,
38,103.0,137.0,21.0,68.0,121.0,57.0,,,
115,48.0,64.0,104.0,124.0,62.0,61.0,,,
66,128.0,135.0,42.0,83.0,83.0,51.0,,,
76,62.0,70.0,99.0,44.0,60.0,87.0,,,
12,81.0,43.0,73.0,83.0,68.0,38.0,,,
94,162.0,147.0,141.0,52.0,69.0,87.0,,,
125,76.0,56.0,49.0,119.0,21.0,102.0,,,
49,76.0,92.0,38.0,41.0,67.0,56.0,,,
158,60.0,94.0,44.0,102.0,40.0,96.0,,,
100,72.0,107.0,39.0,105.0,10.0,134.0,,,
40,68.0,42.0,33.0,58.0,73.0,44.0,,,
155,14.0,87.0,108.0,136.0,84.0,134.0,,,
98,119.0,83.0,26.0,106.0,129.0,97.0,,,
144,107.0,100.0,73.0,78.0,122.0,69.0,,,
90,82.0,80.0,136.0,29.0,34.0,85.0,,,
48,94.0,16.0,76.0,34.0,62.0,54.0,,,
159,103.0,99.0,82.0,51.0,103.0,53.0,,,
111,89.0,14.0,75.0,29.0,59.0,97.0,,,
53,59.0,28.0,62.0,122.0,62.0,10.0,,,
69,63.0,121.0,77.0,61.0,60.0,79.0,,,
57,69.0,34.0,48.0,120.0,78.0,50.0,,,
30,138.0,66.0,118.0,64.0,50.0,74.0,,,
30,35.0,82.0,123.0,80.0,97.0,101.0,,,
60,36.0,77.0,85.0,100.0,40.0,110.0,,,
52,75.0,53.0,68.0,103.0,81.0,92.0,,,
122,138.0,49.0,117.0,61.0,129.0,75.0,,,
116,27.0,17.0,84.0,90.0,24.0,60.0,,,
141,117.0,90.0,106.0,96.0,74.0,72.0,,,
58,33.0,72.0,25.0,21.0,38.0,72.0,,,
61,61.0,71.0,77.0,37.0,64.0,112.0,,,
54,104.0,86.0,75.0,14.0,89.0,58.0,,,
85,94.0,90.0,67.0,45.0,115.0,12.0,,,
94,35.0,117.0,69.0,51.0,44.0,55.0,,,
80,18.0,104.0,96.0,28.0,20.0,104.0,,,
55,90.0,74.0,74.0,27.0,31.0,79.0,,,
101,20.0,78.0,140.0,146.0,44.0,36.0,,,
103,33.0,55.0,85.0,50.0,8.0,60.0,,,
81,33.0,10.0,92.0,85.0,25.0,139.0,,,
166,60.0,16.0,67.0,122.0,130.0,34.0,,,
102,95.0,58.0,104.0,61.0,117.0,90.0,,,
79,77.0,98.0,79.0,61.0,41.0,61.0,,,
40,104.0,62.0,104.0,69.0,81.0,52.0,,,
124,158.0,54.0,16.0,56.0,57.0,21.0,,,
99,71.0,90.0,44.0,82.0,12.0,99.0,,,
114,40.0,52.0,27.0,88.0,73.0,22.0,,,
24,22.0,16.0,63.0,77.0,72.0,104.0,,,
70,85.0,20.0,108.0,50.0,140.0,10.0,,,
102,22.0,39.0,27.0,31.0,122.0,77.0,,,
60,34.0,79.0,53.0,126.0,59.0,30.0,,,
14,87.0,128.0,35.0,24.0,119.0,94.0,,,
21,42.0,48.0,5.0,58.0,124.0,125.0,,,
124,49.0,80.0,18.0,97.0,65.0,91.0,,,
12,30.0,144.0,69.0,40.0,41.0,107.0,,,
146,84.0,54.0,15.0,48.0,79.0,141.0,,,
91,65.0,114.0,77.0,104.0,127.0,87.0,,,
81,39.0,113.0,66.0,103.0,60.0,,,,
92,99.0,148.0,93.0,61.0,26.0,,,,
50,113.0,32.0,30.0,26.0,98.0,,,,
119,120.0,55.0,99.0,59.0,120.0,,,,
105,58.0,16.0,43.0,132.0,111.0,,,,
58,106.0,46.0,118.0,110.0,132.0,,,,
150,120.0,111.0,29.0,92.0,49.0,,,,
68,73.0,38.0,137.0,75.0,41.0,,,,
122,81.0,107.0,112.0,93.0,69.0,,,,
62,111.0,111.0,77.0,110.0,72.0,,,,
120,134.0,44.0,139.0,72.0,57.0,,,,
40,26.0,47.0,107.0,73.0,110.0,,,,
42,42.0,124.0,59.0,115.0,89.0,,,,
107,127.0,69.0,98.0,39.0,80.0,,,,
166,43.0,65.0,25.0,127.0,80.0,,,,
71,26.0,135.0,75.0,62.0,112.0,,,,
111,44.0,57.0,55.0,73.0,6.0,,,,
124,61.0,44.0,119.0,103.0,93.0,,,,
76,78.0,119.0,71.0,104.0,103.0,,,,
158,107.0,29.0,71.0,106.0,24.0,,,,
56,123.0,142.0,33.0,25.0,109.0,,,,
9,70.0,115.0,30.0,81.0,61.0,,,,
91,65.0,96.0,46.0,113.0,61.0,,,,
56,63.0,141.0,78.0,72.0,82.0,,,,
56,66.0,26.0,74.0,56.0,158.0,,,,
111,31.0,9.0,51.0,44.0,59.0,,,,
42,23.0,73.0,17.0,6.0,51.0,,,,
138,81.0,126.0,60.0,60.0,112.0,,,,
100,145.0,41.0,50.0,107.0,108.0,,,,
18,73.0,102.0,48.0,140.0,84.0,,,,
98,21.0,66.0,134.0,35.0,38.0,,,,
159,52.0,57.0,85.0,90.0,123.0,,,,
40,75.0,105.0,46.0,102.0,102.0,,,,
147,88.0,86.0,90.0,122.0,40.0,,,,
26,113.0,30.0,71.0,75.0,67.0,,,,
121,96.0,134.0,106.0,141.0,150.0,,,,
30,36.0,125.0,16.0,73.0,104.0,,,,
115,38.0,86.0,20.0,41.0,90.0,,,,
121,143.0,43.0,68.0,124.0,51.0,,,,
29,107.0,137.0,55.0,86.0,37.0,,,,
94,75.0,41.0,56.0,113.0,49.0,,,,
68,106.0,67.0,21.0,143.0,87.0,,,,
16,59.0,36.0,159.0,113.0,37.0,,,,
76,105.0,67.0,115.0,26.0,91.0,,,,
115,30.0,34.0,60.0,47.0,26.0,,,,
154,14.0,24.0,67.0,147.0,138.0,,,,
153,138.0,83.0,50.0,32.0,49.0,,,,
35,71.0,60.0,57.0,72.0,7.0,,,,
68,94.0,69.0,38.0,62.0,148.0,,,,
35,114.0,145.0,69.0,141.0,56.0,,,,
60,149.0,35.0,46.0,112.0,89.0,,,,
82,74.0,102.0,129.0,126.0,69.0,,,,
35,27.0,15.0,62.0,14.0,96.0,,,,
77,143.0,51.0,36.0,21.0,147.0,,,,
96,166.0,109.0,99.0,164.0,48.0,,,,
75,102.0,128.0,33.0,105.0,48.0,,,,
18,125.0,157.0,72.0,73.0,48.0,,,,
14,87.0,136.0,50.0,48.0,91.0,,,,
37,122.0,83.0,74.0,68.0,97.0,,,,
52,82.0,67.0,139.0,133.0,114.0,,,,
124,162.0,94.0,68.0,29.0,92.0,,,,
77,74.0,15.0,142.0,91.0,94.0,,,,
85,68.0,43.0,57.0,52.0,110.0,,,,
78,58.0,33.0,96.0,100.0,72.0,,,,
160,115.0,117.0,84.0,72.0,11.0,,,,
45,104.0,53.0,91.0,66.0,87.0,,,,
16,60.0,87.0,131.0,8.0,49.0,,,,
4,24.0,104.0,102.0,127.0,97.0,,,,
77,118.0,101.0,58.0,111.0,9.0,,,,
137,137.0,83.0,68.0,89.0,52.0,,,,
125,23.0,143.0,113.0,94.0,39.0,,,,
90,77.0,97.0,88.0,37.0,66.0,,,,
62,90.0,49.0,13.0,57.0,47.0,,,,
105,95.0,120.0,105.0,117.0,77.0,,,,
59,53.0,70.0,81.0,105.0,60.0,,,,
71,71.0,42.0,120.0,31.0,116.0,,,,
21,12.0,29.0,98.0,20.0,14.0,,,,
30,32.0,46.0,137.0,84.0,103.0,,,,
13,22.0,67.0,56.0,73.0,63.0,,,,
160,68.0,113.0,128.0,111.0,107.0,,,,
87,16.0,60.0,58.0,47.0,35.0,,,,
31,43.0,113.0,48.0,72.0,65.0,,,,
42,89.0,87.0,31.0,44.0,32.0,,,,
88,32.0,81.0,12.0,98.0,71.0,,,,
103,94.0,21.0,99.0,123.0,14.0,,,,
87,6.0,107.0,103.0,101.0,70.0,,,,
25,133.0,30.0,147.0,79.0,22.0,,,,
107,27.0,45.0,84.0,3.0,87.0,,,,
23,97.0,26.0,34.0,70.0,27.0,,,,
147,16.0,63.0,44.0,34.0,14.0,,,,
12,35.0,147.0,17.0,97.0,93.0,,,,
88,62.0,77.0,143.0,92.0,63.0,,,,
69,55.0,69.0,39.0,46.0,33.0,,,,
141,39.0,47.0,32.0,56.0,73.0,,,,
21,19.0,30.0,43.0,111.0,88.0,,,,
28,86.0,89.0,130.0,80.0,68.0,,,,
56,76.0,44.0,32.0,56.0,115.0,,,,
96,16.0,38.0,18.0,55.0,109.0,,,,
50,121.0,42.0,42.0,132.0,62.0,,,,
14,100.0,127.0,121.0,67.0,104.0,,,,
13,39.0,96.0,137.0,54.0,143.0,,,,
85,47.0,23.0,128.0,46.0,115.0,,,,
60,91.0,97.0,127.0,51.0,46.0,,,,
91,88.0,77.0,103.0,34.0,63.0,,,,
121,59.0,44.0,17.0,22.0,126.0,,,,
20,29.0,38.0,26.0,99.0,105.0,,,,
106,92.0,91.0,103.0,18.0,112.0,,,,
119,44.0,47.0,90.0,130.0,42.0,,,,
57,70.0,73.0,30.0,109.0,78.0,,,,
23,30.0,60.0,133.0,59.0,126.0,,,,
113,41.0,38.0,121.0,105.0,94.0,,,,
82,90.0,147.0,41.0,100.0,111.0,,,,
28,33.0,61.0,64.0,112.0,40.0,,,,
30,71.0,115.0,105.0,43.0,23.0,,,,
71,102.0,51.0,131.0,73.0,88.0,,,,
60,106.0,136.0,82.0,77.0,57.0,,,,
83,112.0,81.0,87.0,89.0,109.0,,,,
69,152.0,25.0,26.0,33.0,95.0,,,,
126,150.0,147.0,59.0,106.0,123.0,,,,
67,57.0,135.0,15.0,65.0,48.0,,,,
44,45.0,29.0,41.0,62.0,47.0,,,,
52,112.0,59.0,92.0,16.0,74.0,,,,
135,94.0,60.0,30.0,62.0,82.0,,,,
70,29.0,78.0,56.0,74.0,44.0,,,,
56,39.0,67.0,50.0,43.0,70.0,,,,
95,56.0,145.0,66.0,98.0,29.0,,,,
66,77.0,60.0,109.0,29.0,42.0,,,,
66,53.0,30.0,44.0,69.0,40.0,,,,
75,13.0,17.0,90.0,66.0,114.0,,,,
84,80.0,27.0,20.0,58.0,128.0,,,,
38,117.0,128.0,63.0,21.0,115.0,,,,
91,132.0,45.0,128.0,117.0,106.0,,,,
55,112.0,76.0,64.0,100.0,125.0,,,,
125,19.0,80.0,68.0,27.0,122.0,,,,
69,24.0,102.0,73.0,133.0,121.0,,,,
57,105.0,127.0,94.0,43.0,68.0,,,,
124,54.0,157.0,45.0,40.0,71.0,,,,
108,138.0,25.0,108.0,33.0,72.0,,,,
139,86.0,125.0,22.0,102.0,42.0,,,,
120,73.0,71.0,70.0,67.0,41.0,,,,
58,96.0,44.0,73.0,56.0,81.0,,,,
69,30.0,140.0,103.0,75.0,85.0,,,,
39,108.0,128.0,24.0,72.0,5.0,,,,
59,117.0,47.0,51.0,67.0,60.0,,,,
68,48.0,98.0,12.0,102.0,73.0,,,,
23,19.0,70.0,73.0,92.0,69.0,,,,
31,74.0,41.0,93.0,95.0,61.0,,,,
118,27.0,35.0,74.0,147.0,42.0,,,,
159,105.0,61.0,61.0,136.0,68.0,,,,
137,129.0,101.0,40.0,94.0,91.0,,,,
161,18.0,146.0,131.0,132.0,90.0,,,,
55,159.0,122.0,97.0,113.0,98.0,,,,
58,120.0,138.0,68.0,74.0,125.0,,,,
30,83.0,96.0,54.0,72.0,66.0,,,,
93,48.0,94.0,103.0,61.0,59.0,,,,
44,137.0,48.0,30.0,125.0,47.0,,,,
120,87.0,72.0,47.0,102.0,87.0,,,,
70,12.0,148.0,13.0,149.0,49.0,,,,
80,120.0,149.0,45.0,104.0,87.0,,,,
60,60.0,105.0,48.0,82.0,93.0,,,,
17,56.0,25.0,77.0,62.0,109.0,,,,
53,51.0,50.0,106.0,91.0,16.0,,,,
72,93.0,33.0,81.0,127.0,72.0,,,,
44,52.0,110.0,122.0,15.0,90.0,,,,
151,22.0,36.0,108.0,93.0,40.0,,,,
108,83.0,144.0,65.0,133.0,108.0,,,,
96,131.0,45.0,57.0,68.0,118.0,,,,
18,107.0,82.0,93.0,39.0,107.0,,,,
19,73.0,35.0,17.0,63.0,73.0,,,,
85,38.0,18.0,43.0,21.0,28.0,,,,
64,143.0,102.0,22.0,139.0,70.0,,,,
158,93.0,113.0,33.0,49.0,33.0,,,,
19,156.0,82.0,96.0,57.0,37.0,,,,
148,121.0,80.0,81.0,135.0,32.0,,,,
146,22.0,68.0,62.0,110.0,102.0,,,,
71,126.0,86.0,51.0,21.0,68.0,,,,
84,102.0,48.0,44.0,36.0,106.0,,,,
61,55.0,39.0,70.0,35.0,81.0,,,,
150,45.0,28.0,72.0,142.0,84.0,,,,
107,31.0,54.0,48.0,113.0,89.0,,,,
95,137.0,144.0,46.0,36.0,115.0,,,,
75,22.0,120.0,49.0,114.0,75.0,,,,
38,10.0,75.0,65.0,66.0,5.0,,,,
107,71.0,102.0,43.0,140.0,80.0,,,,
65,89.0,101.0,41.0,76.0,26.0,,,,
59,96.0,82.0,42.0,134.0,40.0,,,,
58,102.0,55.0,91.0,107.0,100.0,,,,
87,77.0,62.0,41.0,48.0,94.0,,,,
45,116.0,153.0,114.0,89.0,4.0,,,,
68,64.0,108.0,128.0,128.0,71.0,,,,
124,52.0,39.0,45.0,75.0,41.0,,,,
151,56.0,49.0,56.0,118.0,116.0,,,,
28,102.0,77.0,68.0,60.0,38.0,,,,
116,84.0,90.0,81.0,58.0,75.0,,,,
57,67.0,19.0,36.0,61.0,112.0,,,,
25,121.0,105.0,94.0,148.0,28.0,,,,
42,46.0,139.0,21.0,91.0,61.0,,,,
50,110.0,21.0,44.0,41.0,135.0,,,,
75,54.0,130.0,77.0,81.0,23.0,,,,
131,27.0,56.0,16.0,134.0,106.0,,,,
82,112.0,76.0,94.0,74.0,21.0,,,,
13,76.0,112.0,46.0,84.0,72.0,,,,
120,99.0,46.0,82.0,65.0,44.0,,,,
53,59.0,30.0,64.0,28.0,42.0,,,,
68,40.0,75.0,97.0,49.0,22.0,,,,
35,116.0,74.0,103.0,111.0,101.0,,,,
119,69.0,52.0,112.0,32.0,150.0,,,,
63,54.0,13.0,54.0,65.0,47.0,,,,
71,88.0,97.0,24.0,72.0,52.0,,,,
82,71.0,36.0,36.0,47.0,117.0,,,,
49,68.0,78.0,14.0,80.0,47.0,,,,
66,30.0,69.0,86.0,86.0,90.0,,,,
87,122.0,69.0,69.0,64.0,124.0,,,,
37,128.0,21.0,117.0,90.0,44.0,,,,
136,113.0,147.0,34.0,66.0,78.0,,,,
143,104.0,113.0,52.0,61.0,110.0,,,,
115,147.0,44.0,151.0,30.0,25.0,,,,
44,86.0,68.0,31.0,69.0,93.0,,,,
112,137.0,90.0,37.0,69.0,123.0,,,,
61,80.0,13.0,63.0,95.0,71.0,,,,
111,119.0,68.0,89.0,64.0,116.0,,,,
87,59.0,98.0,87.0,39.0,25.0,,,,
84,16.0,74.0,44.0,115.0,57.0,,,,
81,68.0,116.0,90.0,120.0,82.0,,,,
116,100.0,131.0,13.0,9.0,39.0,,,,
156,80.0,48.0,101.0,79.0,49.0,,,,
85,9.0,55.0,18.0,72.0,144.0,,,,
31,41.0,57.0,130.0,67.0,110.0,,,,
47,122.0,71.0,77.0,15.0,68.0,,,,
64,116.0,105.0,37.0,22.0,48.0,,,,
101,36.0,66.0,73.0,104.0,41.0,,,,
83,100.0,71.0,68.0,112.0,19.0,,,,
72,160.0,153.0,26.0,77.0,,,,,
106,114.0,65.0,99.0,59.0,,,,,
82,89.0,25.0,75.0,108.0,,,,,
136,19.0,30.0,68.0,84.0,,,,,
103,22.0,73.0,18.0,101.0,,,,,
44,17.0,158.0,88.0,93.0,,,,,
94,64.0,90.0,39.0,113.0,,,,,
18,23.0,18.0,66.0,97.0,,,,,
73,47.0,92.0,99.0,94.0,,,,,
94,119.0,49.0,47.0,59.0,,,,,
68,102.0,70.0,9.0,76.0,,,,,
117,73.0,39.0,89.0,16.0,,,,,
36,136.0,27.0,103.0,69.0,,,,,
18,98.0,147.0,55.0,69.0,,,,,
57,69.0,139.0,100.0,80.0,,,,,
89,24.0,52.0,33.0,66.0,,,,,
107,41.0,141.0,35.0,74.0,,,,,
94,17.0,23.0,94.0,47.0,,,,,
53,16.0,24.0,53.0,75.0,,,,,
112,121.0,33.0,51.0,67.0,,,,,
25,56.0,120.0,90.0,81.0,,,,,
54,65.0,133.0,25.0,58.0,,,,,
105,136.0,41.0,124.0,87.0,,,,,
33,51.0,72.0,66.0,65.0,,,,,
34,49.0,134.0,124.0,67.0,,,,,
90,96.0,28.0,61.0,2.0,,,,,
110,153.0,24.0,114.0,94.0,,,,,
114,33.0,83.0,22.0,85.0,,,,,
86,107.0,110.0,50.0,58.0,,,,,
32,137.0,16.0,130.0,105.0,,,,,
15,118.0,101.0,40.0,105.0,,,,,
71,98.0,62.0,92.0,89.0,,,,,
89,155.0,66.0,27.0,37.0,,,,,
65,128.0,36.0,129.0,90.0,,,,,
67,67.0,102.0,43.0,30.0,,,,,
46,106.0,134.0,154.0,122.0,,,,,
106,105.0,43.0,47.0,63.0,,,,,
33,159.0,71.0,133.0,104.0,,,,,
20,12.0,124.0,119.0,58.0,,,,,
57,18.0,16.0,7.0,99.0,,,,,
125,117.0,70.0,109.0,51.0,,,,,
105,33.0,103.0,61.0,126.0,,,,,
66,70.0,110.0,38.0,44.0,,,,,
43,58.0,56.0,47.0,45.0,,,,,
90,114.0,47.0,35.0,107.0,,,,,
18,76.0,69.0,108.0,131.0,,,,,
62,56.0,52.0,98.0,116.0,,,,,
68,38.0,66.0,98.0,26.0,,,,,
167,67.0,93.0,24.0,12.0,,,,,
77,105.0,28.0,99.0,31.0,,,,,
67,34.0,52.0,112.0,57.0,,,,,
126,27.0,127.0,14.0,29.0,,,,,
24,69.0,69.0,68.0,88.0,,,,,
132,87.0,71.0,38.0,66.0,,,,,
61,64.0,130.0,85.0,112.0,,,,,
128,59.0,81.0,111.0,14.0,,,,,
123,154.0,102.0,70.0,138.0,,,,,
107,73.0,34.0,105.0,27.0,,,,,
90,65.0,16.0,46.0,94.0,,,,,
94,101.0,35.0,49.0,55.0,,,,,
36,50.0,95.0,93.0,65.0,,,,,
100,72.0,39.0,23.0,44.0,,,,,
68,75.0,128.0,61.0,131.0,,,,,
58,20.0,67.0,31.0,10.0,,,,,
50,95.0,98.0,63.0,5.0,,,,,
118,119.0,148.0,64.0,48.0,,,,,
82,65.0,45.0,67.0,49.0,,,,,
87,34.0,79.0,54.0,103.0,,,,,
63,142.0,58.0,63.0,83.0,,,,,
58,70.0,113.0,50.0,39.0,,,,,
58,39.0,67.0,57.0,58.0,,,,,
83,138.0,34.0,140.0,72.0,,,,,
67,38.0,58.0,57.0,29.0,,,,,
71,163.0,23.0,97.0,125.0,,,,,
48,116.0,24.0,146.0,78.0,,,,,
167,34.0,114.0,90.0,110.0,,,,,
100,74.0,49.0,42.0,125.0,,,,,
47,38.0,43.0,94.0,98.0,,,,,
109,28.0,68.0,67.0,36.0,,,,,
72,73.0,24.0,11.0,105.0,,,,,
78,106.0,44.0,34.0,10.0,,,,,
136,95.0,27.0,47.0,89.0,,,,,
45,141.0,62.0,117.0,25.0,,,,,
44,52.0,89.0,33.0,60.0,,,,,
49,105.0,59.0,50.0,25.0,,,,,
21,12.0,74.0,42.0,106.0,,,,,
145,39.0,144.0,52.0,49.0,,,,,
56,74.0,38.0,136.0,12.0,,,,,
43,79.0,143.0,26.0,62.0,,,,,
98,32.0,150.0,24.0,79.0,,,,,
167,33.0,43.0,81.0,122.0,,,,,
65,63.0,24.0,74.0,65.0,,,,,
93,26.0,127.0,85.0,91.0,,,,,
74,155.0,53.0,124.0,117.0,,,,,
27,96.0,64.0,52.0,72.0,,,,,
75,22.0,109.0,125.0,123.0,,,,,
43,40.0,46.0,76.0,109.0,,,,,
19,78.0,34.0,74.0,82.0,,,,,
134,136.0,74.0,123.0,50.0,,,,,
24,70.0,75.0,126.0,32.0,,,,,
100,68.0,26.0,128.0,27.0,,,,,
91,109.0,49.0,22.0,85.0,,,,,
52,86.0,14.0,93.0,8.0,,,,,
35,28.0,105.0,84.0,88.0,,,,,
93,66.0,95.0,33.0,73.0,,,,,
65,19.0,76.0,112.0,111.0,,,,,
72,69.0,77.0,22.0,86.0,,,,,
84,153.0,137.0,23.0,64.0,,,,,
129,57.0,26.0,133.0,65.0,,,,,
60,97.0,94.0,60.0,12.0,,,,,
118,97.0,121.0,103.0,48.0,,,,,
42,32.0,108.0,62.0,91.0,,,,,
118,90.0,146.0,153.0,55.0,,,,,
133,56.0,127.0,53.0,122.0,,,,,
117,126.0,122.0,89.0,64.0,,,,,
43,31.0,55.0,26.0,,,,,,
117,79.0,57.0,104.0,,,,,,
17,85.0,60.0,70.0,,,,,,
37,127.0,123.0,64.0,,,,,,
79,156.0,35.0,77.0,,,,,,
102,23.0,88.0,109.0,,,,,,
66,91.0,68.0,23.0,,,,,,
13,138.0,6.0,74.0,,,,,,
128,162.0,53.0,75.0,,,,,,
123,149.0,114.0,103.0,,,,,,
93,84.0,112.0,21.0,,,,,,
81,10.0,146.0,140.0,,,,,,
112,54.0,74.0,21.0,,,,,,
82,88.0,79.0,,,,,,,
54,56.0,17.0,,,,,,,
14,52.0,55.0,,,,,,,
44,72.0,126.0,,,,,,,
69,77.0,106.0,,,,,,,
52,18.0,88.0,,,,,,,
64,83.0,53.0,,,,,,,
165,162.0,28.0,,,,,,,
43,48.0,129.0,,,,,,,
104,58.0,34.0,,,,,,,
142,129.0,62.0,,,,,,,
77,31.0,142.0,,,,,,,
16,27.0,28.0,,,,,,,
53,81.0,15.0,,,,,,,
27,62.0,103.0,,,,,,,
61,74.0,91.0,,,,,,,
79,115.0,67.0,,,,,,,
64,59.0,62.0,,,,,,,
62,89.0,74.0,,,,,,,
32,31.0,86.0,,,,,,,
80,47.0,113.0,,,,,,,
75,163.0,93.0,,,,,,,
42,56.0,143.0,,,,,,,
146,58.0,42.0,,,,,,,
78,66.0,127.0,,,,,,,
154,42.0,52.0,,,,,,,
25,148.0,26.0,,,,,,,
28,79.0,33.0,,,,,,,
85,115.0,69.0,,,,,,,
112,89.0,27.0,,,,,,,
91,114.0,102.0,,,,,,,
77,97.0,25.0,,,,,,,
101,66.0,123.0,,,,,,,
103,133.0,79.0,,,,,,,
72,46.0,158.0,,,,,,,
75,99.0,128.0,,,,,,,
48,131.0,120.0,,,,,,,
83,67.0,30.0,,,,,,,
15,88.0,42.0,,,,,,,
27,166.0,116.0,,,,,,,
124,62.0,49.0,,,,,,,
158,138.0,18.0,,,,,,,
86,37.0,70.0,,,,,,,
68,123.0,33.0,,,,,,,
152,28.0,48.0,,,,,,,
34,151.0,116.0,,,,,,,
117,8.0,75.0,,,,,,,
59,21.0,63.0,,,,,,,
92,143.0,31.0,,,,,,,
92,89.0,105.0,,,,,,,
152,38.0,112.0,,,,,,,
113,49.0,61.0,,,,,,,
155,65.0,63.0,,,,,,,
101,118.0,,,,,,,,
83,46.0,,,,,,,,
82,64.0,,,,,,,,
74,148.0,,,,,,,,
95,44.0,,,,,,,,
143,46.0,,,,,,,,
98,48.0,,,,,,,,
66,83.0,,,,,,,,
106,87.0,,,,,,,,
104,107.0,,,,,,,,
133,18.0,,,,,,,,
105,164.0,,,,,,,,
126,100.0,,,,,,,,
117,58.0,,,,,,,,
20,92.0,,,,,,,,
46,123.0,,,,,,,,
160,69.0,,,,,,,,
57,55.0,,,,,,,,
67,125.0,,,,,,,,
128,101.0,,,,,,,,
94,16.0,,,,,,,,
44,97.0,,,,,,,,
66,159.0,,,,,,,,
110,49.0,,,,,,,,
86,163.0,,,,,,,,
126,154.0,,,,,,,,
56,83.0,,,,,,,,
79,118.0,,,,,,,,
22,110.0,,,,,,,,
105,100.0,,,,,,,,
152,93.0,,,,,,,,
143,7.0,,,,,,,,
81,91.0,,,,,,,,
20,145.0,,,,,,,,
70,69.0,,,,,,,,
29,134.0,,,,,,,,
42,79.0,,,,,,,,
89,139.0,,,,,,,,
11,111.0,,,,,,,,
21,16.0,,,,,,,,
85,135.0,,,,,,,,
68,82.0,,,,,,,,
160,54.0,,,,,,,,
144,120.0,,,,,,,,
112,49.0,,,,,,,,
33,91.0,,,,,,,,
59,40.0,,,,,,,,
21,162.0,,,,,,,,
66,17.0,,,,,,,,
67,109.0,,,,,,,,
67,94.0,,,,,,,,
34,55.0,,,,,,,,
150,85.0,,,,,,,,
119,15.0,,,,,,,,
65,107.0,,,,,,,,
25,72.0,,,,,,,,
77,74.0,,,,,,,,
107,106.0,,,,,,,,
82,92.0,,,,,,,,
46,60.0,,,,,,,,
11,11.0,,,,,,,,
57,85.0,,,,,,,,
43,94.0,,,,,,,,
60,28.0,,,,,,,,
162,147.0,,,,,,,,
47,85.0,,,,,,,,
19,105.0,,,,,,,,
30,73.0,,,,,,,,
63,64.0,,,,,,,,
56,143.0,,,,,,,,
46,62.0,,,,,,,,
34,57.0,,,,,,,,
67,105.0,,,,,,,,
140,46.0,,,,,,,,
13,73.0,,,,,,,,
111,57.0,,,,,,,,
58,90.0,,,,,,,,
129,31.0,,,,,,,,
59,69.0,,,,,,,,
56,115.0,,,,,,,,
81,101.0,,,,,,,,
88,141.0,,,,,,,,
49,111.0,,,,,,,,
81,49.0,,,,,,,,
70,80.0,,,,,,,,
51,124.0,,,,,,,,
104,118.0,,,,,,,,
23,39.0,,,,,,,,
26,51.0,,,,,,,,
95,91.0,,,,,,,,
136,151.0,,,,,,,,
43,13.0,,,,,,,,
161,60.0,,,,,,,,
73,110.0,,,,,,,,
15,106.0,,,,,,,,
103,150.0,,,,,,,,
20,24.0,,,,,,,,
60,137.0,,,,,,,,
67,110.0,,,,,,,,
34,39.0,,,,,,,,
67,44.0,,,,,,,,
59,85.0,,,,,,,,
75,94.0,,,,,,,,
22,53.0,,,,,,,,
96,146.0,,,,,,,,
93,24.0,,,,,,,,
91,55.0,,,,,,,,
107,38.0,,,,,,,,
42,65.0,,,,,,,,
119,45.0,,,,,,,,
107,77.0,,,,,,,,
69,81.0,,,,,,,,
133,24.0,,,,,,,,
114,94.0,,,,,,,,
104,108.0,,,,,,,,
32,12.0,,,,,,,,
124,18.0,,,,,,,,
88,25.0,,,,,,,,
99,114.0,,,,,,,,
22,138.0,,,,,,,,
37,32.0,,,,,,,,
115,37.0,,,,,,,,
72,50.0,,,,,,,,
110,126.0,,,,,,,,
22,64.0,,,,,,,,
46,71.0,,,,,,,,
54,11.0,,,,,,,,
85,42.0,,,,,,,,
99,76.0,,,,,,,,
61,111.0,,,,,,,,
85,67.0,,,,,,,,
60,56.0,,,,,,,,
75,138.0,,,,,,,,
112,20.0,,,,,,,,
162,49.0,,,,,,,,
124,70.0,,,,,,,,
81,60.0,,,,,,,,
26,90.0,,,,,,,,
89,83.0,,,,,,,,
42,65.0,,,,,,,,
92,83.0,,,,,,,,
63,53.0,,,,,,,,
11,56.0,,,,,,,,
57,137.0,,,,,,,,
109,158.0,,,,,,,,
71,18.0,,,,,,,,
40,104.0,,,,,,,,
93,103.0,,,,,,,,
62,72.0,,,,,,,,
75,64.0,,,,,,,,
85,62.0,,,,,,,,
80,140.0,,,,,,,,
100,55.0,,,,,,,,
17,166.0,,,,,,,,
100,70.0,,,,,,,,
67,56.0,,,,,,,,
63,64.0,,,,,,,,
149,24.0,,,,,,,,
92,26.0,,,,,,,,
90,108.0,,,,,,,,
93,15.0,,,,,,,,
74,130.0,,,,,,,,
167,138.0,,,,,,,,
100,37.0,,,,,,,,
70,106.0,,,,,,,,
29,,,,,,,,,
112,,,,,,,,,
81,,,,,,,,,
94,,,,,,,,,
45,,,,,,,,,
26,,,,,,,,,
85,,,,,,,,,
64,,,,,,,,,
56,,,,,,,,,
136,,,,,,,,,
91,,,,,,,,,
32,,,,,,,,,
96,,,,,,,,,
107,,,,,,,,,
89,,,,,,,,,
10,,,,,,,,,
59,,,,,,,,,
60,,,,,,,,,
118,,,,,,,,,
47,,,,,,,,,
93,,,,,,,,,
51,,,,,,,,,
55,,,,,,,,,
116,,,,,,,,,
51,,,,,,,,,
93,,,,,,,,,
14,,,,,,,,,
94,,,,,,,,,
134,,,,,,,,,
28,,,,,,,,,
29,,,,,,,,,
38,,,,,,,,,
88,,,,,,,,,
117,,,,,,,,,
84,,,,,,,,,
47,,,,,,,,,
53,,,,,,,,,
117,,,,,,,,,
110,,,,,,,,,
14,,,,,,,,,
158,,,,,,,,,
94,,,,,,,,,
163,,,,,,,,,
60,,,,,,,,,
22,,,,,,,,,
162,,,,,,,,,
108,,,,,,,,,
121,,,,,,,,,
56,,,,,,,,,
153,,,,,,,,,
106,,,,,,,,,
28,,,,,,,,,
62,,,,,,,,,
20,,,,,,,,,
15,,,,,,,,,
149,,,,,,,,,
80,,,,,,,,,
70,,,,,,,,,
70,,,,,,,,,
92,,,,,,,,,
99,,,,,,,,,
129,,,,,,,,,
120,,,,,,,,,
158,,,,,,,,,
106,,,,,,,,,
71,,,,,,,,,
97,,,,,,,,,
162,,,,,,,,,
48,,,,,,,,,
103,,,,,,,,,
131,,,,,,,,,
111,,,,,,,,,
16,,,,,,,,,
18,,,,,,,,,
49,,,,,,,,,
68,,,,,,,,,
113,,,,,,,,,
93,,,,,,,,,
101,,,,,,,,,
91,,,,,,,,,
54,,,,,,,,,
87,,,,,,,,,
10,,,,,,,,,
76,,,,,,,,,
78,,,,,,,,,
62,,,,,,,,,
33,,,,,,,,,
101,,,,,,,,,
148,,,,,,,,,
44,,,,,,,,,
46,,,,,,,,,
74,,,,,,,,,
92,,,,,,,,,
92,,,,,,,,,
72,,,,,,,,,
65,,,,,,,,,
65,,,,,,,,,
129,,,,,,,,,
66,,,,,,,,,
79,,,,,,,,,
118,,,,,,,,,
79,,,,,,,,,
63,,,,,,,,,
80,,,,,,,,,
108,,,,,,,,,
9,,,,,,,,,
93,,,,,,,,,
114,,,,,,,,,
57,,,,,,,,,
21,,,,,,,,,
112,,,,,,,,,
73,,,,,,,,,
8,,,,,,,,,
46,,,,,,,,,
90,,,,,,,,,
14,,,,,,,,,
48,,,,,,,,,
44,,,,,,,,,
67,,,,,,,,,
66,,,,,,,,,
19,,,,,,,,,
10,,,,,,,,,
47,,,,,,,,,
162,,,,,,,,,
34,,,,,,,,,
65,,,,,,,,,
42,,,,,,,,,
75,,,,,,,,,
35,,,,,,,,,
12,,,,,,,,,
34,,,,,,,,,
42,,,,,,,,,
58,,,,,,,,,
53,,,,,,,,,
72,,,,,,,,,
66,,,,,,,,,
112,,,,,,,,,
16,,,,,,,,,
135,,,,,,,,,
89,,,,,,,,,
88,,,,,,,,,
51,,,,,,,,,
71,,,,,,,,,
100,,,,,,,,,
136,,,,,,,,,
137,,,,,,,,,
143,,,,,,,,,
15,,,,,,,,,
5,,,,,,,,,
81,,,,,,,,,
50,,,,,,,,,
83,,,,,,,,,
53,,,,,,,,,
69,,,,,,,,,
101,,,,,,,,,
101,,,,,,,,,
51,,,,,,,,,
54,,,,,,,,,
70,,,,,,,,,
69,,,,,,,,,
84,,,,,,,,,
145,,,,,,,,,
61,,,,,,,,,
72,,,,,,,,,
71,,,,,,,,,
83,,,,,,,,,
60,,,,,,,,,
122,,,,,,,,,
90,,,,,,,,,
99,,,,,,,,,
19,,,,,,,,,
155,,,,,,,,,
68,,,,,,,,,
114,,,,,,,,,
26,,,,,,,,,
111,,,,,,,,,
111,,,,,,,,,
83,,,,,,,,,
23,,,,,,,,,
63,,,,,,,,,
158,,,,,,,,,
38,,,,,,,,,
25,,,,,,,,,
82,,,,,,,,,
73,,,,,,,,,
48,,,,,,,,,
96,,,,,,,,,
136,,,,,,,,,
40,,,,,,,,,
65,,,,,,,,,
73,,,,,,,,,
66,,,,,,,,,
67,,,,,,,,,
143,,,,,,,,,
44,,,,,,,,,
29,,,,,,,,,
85,,,,,,,,,
111,,,,,,,,,
108,,,,,,,,,
95,,,,,,,,,
50,,,,,,,,,
152,,,,,,,,,
41,,,,,,,,,
109,,,,,,,,,
15,,,,,,,,,
75,,,,,,,,,
42,,,,,,,,,
72,,,,,,,,,
74,,,,,,,,,
162,,,,,,,,,
124,,,,,,,,,
29,,,,,,,,,
60,,,,,,,,,
126,,,,,,,,,
50,,,,,,,,,
78,,,,,,,,,
13,,,,,,,,,
71,,,,,,,,,
95,,,,,,,,,
122,,,,,,,,,
67,,,,,,,,,
100,,,,,,,,,
59,,,,,,,,,
39,,,,,,,,,
79,,,,,,,,,
114,,,,,,,,,
115,,,,,,,,,
84,,,,,,,,,
94,,,,,,,,,
95,,,,,,,,,
7,,,,,,,,,
67,,,,,,,,,
89,,,,,,,,,
134,,,,,,,,,
23,,,,,,,,,
66,,,,,,,,,
10,,,,,,,,,
89,,,,,,,,,
104,,,,,,,,,
115,,,,,,,,,
147,,,,,,,,,
40,,,,,,,,,
36,,,,,,,,,
19,,,,,,,,,
52,,,,,,,,,
101,,,,,,,,,
83,,,,,,,,,
83,,,,,,,,,
67,,,,,,,,,
91,,,,,,,,,
43,,,,,,,,,
77,,,,,,,,,
144,,,,,,,,,
68,,,,,,,,,
98,,,,,,,,,
89,,,,,,,,,
143,,,,,,,,,
55,,,,,,,,,
92,,,,,,,,,
136,,,,,,,,,
95,,,,,,,,,
61,,,,,,,,,
47,,,,,,,,,
77,,,,,,,,,
106,,,,,,,,,
100,,,,,,,,,
28,,,,,,,,,
18,,,,,,,,,
10,,,,,,,,,
21,,,,,,,,,
76,,,,,,,,,
140,,,,,,,,,
98,,,,,,,,,
147,,,,,,,,,
3,,,,,,,,,
104,,,,,,,,,
21,,,,,,,,,
36,,,,,,,,,
59,,,,,,,,,
83,,,,,,,,,
26,,,,,,,,,
86,,,,,,,,,
103,,,,,,,,,
99,,,,,,,,,
59,,,,,,,,,
119,,,,,,,,,
11,,,,,,,,,
112,,,,,,,,,
145,,,,,,,,,
89,,,,,,,,,
36,,,,,,,,,
15,,,,,,,,,
34,,,,,,,,,
155,,,,,,,,,
104,,,,,,,,,
91,,,,,,,,,
48,,,,,,,,,
63,,,,,,,,,
101,,,,,,,,,
48,,,,,,,,,
124,,,,,,,,,
80,,,,,,,,,
110,,,,,,,,,
91,,,,,,,,,
95,,,,,,,,,
35,,,,,,,,,
112,,,,,,,,,
51,,,,,,,,,
104,,,,,,,,,
107,,,,,,,,,
123,,,,,,,,,
49,,,,,,,,,
23,,,,,,,,,
15,,,,,,,,,
135,,,,,,,,,
29,,,,,,,,,
13,,,,,,,,,
112,,,,,,,,,
65,,,,,,,,,
49,,,,,,,,,
49,,,,,,,,,
30,,,,,,,,,
137,,,,,,,,,
137,,,,,,,,,
77,,,,,,,,,
136,,,,,,,,,
106,,,,,,,,,
32,,,,,,,,,
58,,,,,,,,,
87,,,,,,,,,
146,,,,,,,,,
50,,,,,,,,,
113,,,,,,,,,
30,,,,,,,,,
118,,,,,,,,,
53,,,,,,,,,
96,,,,,,,,,
